Datetime,Temperature,Status
2020-11-07 15:56:31,0.79300,Ready
2020-11-07 17:22:11.065172,0.79200,Ready
2020-11-07 17:22:58.276689,0.79200,Ready
2020-11-07 17:23:14.718361,0.79200,Ready
2020-11-07 17:29:29.864691,0.79100,Ready
2020-11-07 17:30:30.587801,0.79100,Ready
2020-11-07 17:42:24.364537,0.79200,Ready
2020-11-07 17:57:23.366770,0.79200,Ready
2020-11-07 18:12:23.463782,0.79100,Ready
2020-11-07 18:27:23.290601,0.79200,Ready
2020-11-07 18:42:23.285540,0.81700,Ready
2020-11-07 18:57:23.092345,0.79200,Ready
2020-11-07 19:12:23.065268,0.92900,Regen
2020-11-07 19:27:23.082222,2.33500,Regen
2020-11-07 19:42:23.072157,3.14900,Regen
2020-11-07 19:57:23.081106,3.38100,Regen
2020-11-07 20:12:23.072042,3.21900,Regen
2020-11-07 20:27:23.083992,3.49100,Regen
2020-11-07 20:42:23.075929,3.69900,Regen
2020-11-07 20:57:23.080875,3.90000,Regen
2020-11-07 21:12:23.072811,4.03100,Regen
2020-11-07 21:27:23.087764,4.15000,Regen
2020-11-07 21:42:23.514010,4.25900,Regen
2020-11-07 21:57:23.276783,4.34400,Regen
2020-11-07 22:12:23.334767,4.43900,Regen
2020-11-07 22:27:23.287676,4.51300,Regen
2020-11-07 22:42:23.087476,4.58300,Regen
2020-11-07 22:57:23.109433,4.64900,Regen
2020-11-07 23:12:23.087360,4.59600,Regen
2020-11-07 23:27:23.095308,4.59600,Regen
2020-11-07 23:42:23.109260,4.59600,Regen
2020-11-07 23:57:23.093191,4.52000,Regen
2020-11-08 00:12:23.087129,4.39100,Regen
2020-11-08 00:27:23.096078,4.25300,Regen
2020-11-08 00:42:23.106027,4.15000,Regen
2020-11-08 00:57:23.094962,4.04600,Regen
2020-11-08 01:12:23.114918,3.95200,Regen
2020-11-08 01:27:23.092845,3.86700,Regen
2020-11-08 01:42:23.083781,3.78600,Regen
2020-11-08 01:57:23.117747,3.72000,Regen
2020-11-08 02:12:23.084666,3.66500,Regen
2020-11-08 02:27:23.094615,3.62400,Regen
2020-11-08 02:42:23.135587,3.59200,Regen
2020-11-08 02:57:23.095500,3.56400,Regen
2020-11-08 03:12:23.101447,3.54100,Regen
2020-11-08 03:27:23.118401,3.52500,Regen
2020-11-08 03:42:23.098330,3.51000,Regen
2020-11-08 03:57:23.108279,3.49500,Regen
2020-11-08 04:12:23.117227,3.23800,Regen
2020-11-08 04:27:23.109096,2.75400,Regen
2020-11-08 04:42:23.098030,2.32400,Regen
2020-11-08 04:57:23.106979,2.03100,Regen
2020-11-08 05:12:23.117929,1.34400,Regen
2020-11-08 05:27:23.108865,0.81700,Regen
2020-11-08 05:42:23.100801,0.79900,Regen
2020-11-08 05:57:23.134768,0.79600,Regen
2020-11-08 06:12:23.117698,0.79400,Regen
2020-11-08 06:27:23.121643,0.79400,Regen
2020-11-08 06:42:23.142600,0.79300,Regen
2020-11-08 06:57:23.117525,0.79300,Regen
2020-11-08 07:12:23.112464,0.79300,Ready
2020-11-08 07:27:23.149432,0.79300,Ready
2020-11-08 07:42:23.112348,0.79200,Ready
2020-11-08 07:57:23.120296,0.79200,Ready
2020-11-08 08:12:23.134249,0.79200,Ready
2020-11-08 08:27:23.149201,0.79100,Ready
2020-11-08 08:42:23.112117,0.79200,Ready
2020-11-08 08:57:23.121066,0.81000,Ready
2020-11-08 09:12:23.130015,0.79200,Ready
2020-11-08 09:27:23.118949,0.79200,Ready
2020-11-08 09:42:23.144909,0.79100,Ready
2020-11-08 09:57:23.115831,0.79200,Ready
2020-11-08 10:12:23.125781,0.81000,Ready
2020-11-08 10:27:23.165752,0.79200,Ready
2020-11-08 10:42:23.127667,0.79200,Ready
2020-11-08 10:57:23.137616,0.79100,Ready
2020-11-08 11:12:23.153569,0.79200,Ready
2020-11-08 11:27:23.134499,0.79100,Ready
2020-11-08 11:42:23.146449,0.79200,Ready
2020-11-08 11:57:23.165405,0.79200,Ready
2020-11-08 12:12:23.141330,0.79100,Ready
2020-11-08 12:27:23.133267,0.79200,Ready
2020-11-08 12:42:23.152222,0.79200,Ready
2020-11-08 12:57:23.134152,0.79200,Ready
2020-11-08 13:12:23.140098,0.81100,Ready
2020-11-08 13:27:23.131034,0.79200,Ready
2020-11-08 13:42:23.189018,0.79200,Ready
2020-11-08 13:57:23.149932,0.79100,Ready
2020-11-08 14:12:23.139868,0.79200,Ready
2020-11-08 14:27:23.151818,0.81200,Ready
2020-11-08 14:42:23.139752,0.79200,Ready
2020-11-08 14:57:23.129687,0.79200,Ready
2020-11-08 15:12:23.168657,0.79200,Ready
2020-11-08 15:27:23.145583,0.79200,Ready
2020-11-08 15:42:23.136519,0.81800,Ready
2020-11-08 15:57:23.173488,0.79200,Ready
2020-11-08 16:12:23.157418,0.79300,Ready
2020-11-08 16:27:23.143351,0.79200,Ready
2020-11-08 16:42:23.180320,0.79300,Ready
2020-11-08 16:57:23.148238,0.79800,Ready
2020-11-08 17:12:23.152184,0.79300,Ready
2020-11-08 17:27:23.166136,0.79300,Ready
2020-11-08 17:42:23.158072,0.79200,Ready
2020-11-08 17:57:23.160016,0.79300,Ready
2020-11-08 18:12:23.153954,0.79300,Ready
2020-11-08 18:33:30.279362,0.79500,Ready
2020-11-08 18:43:28.742232,0.82400,Ready
2020-11-08 18:57:23.633952,0.79300,Ready
2020-11-08 19:12:23.573851,0.94800,Regen
2020-11-08 19:27:23.531764,2.40400,Regen
2020-11-08 19:42:23.561727,3.15500,Regen
2020-11-08 19:57:23.338511,3.39200,Regen
2020-11-08 20:12:23.315437,3.21500,Regen
2020-11-08 20:27:23.309375,3.47200,Regen
2020-11-08 20:42:23.299310,3.71200,Regen
2020-11-08 20:57:23.345285,3.88600,Regen
2020-11-08 21:12:23.299194,4.03600,Regen
2020-11-08 21:27:23.306142,4.14400,Regen
2020-11-08 21:42:23.679349,4.24700,Regen
2020-11-08 21:57:23.667284,4.34400,Regen
2020-11-08 22:12:23.544138,4.43300,Regen
2020-11-08 22:27:23.556089,4.51300,Regen
2020-11-08 22:42:23.312858,4.57700,Regen
2020-11-08 22:57:23.305795,4.63600,Regen
2020-11-08 23:12:23.297732,4.59600,Regen
2020-11-08 23:27:23.348710,4.59600,Regen
2020-11-08 23:42:23.316630,4.59600,Regen
2020-11-08 23:57:23.306565,4.52600,Regen
2020-11-09 00:12:23.315514,4.38500,Regen
2020-11-09 00:27:23.322461,4.26400,Regen
2020-11-09 00:42:23.313397,4.15000,Regen
2020-11-09 00:57:23.305333,4.04600,Regen
2020-11-09 01:12:23.311280,3.95700,Regen
2020-11-09 01:27:23.319228,3.87200,Regen
2020-11-09 01:42:23.326175,3.79400,Regen
2020-11-09 01:57:23.322114,3.72400,Regen
2020-11-09 02:12:23.313051,3.67400,Regen
2020-11-09 02:27:23.321999,3.62800,Regen
2020-11-09 02:42:23.315937,3.59200,Regen
2020-11-09 02:57:23.323885,3.56800,Regen
2020-11-09 03:12:23.316822,3.54500,Regen
2020-11-09 03:27:23.331775,3.52900,Regen
2020-11-09 03:42:23.328716,3.51400,Regen
2020-11-09 03:57:23.316649,3.49800,Regen
2020-11-09 04:12:23.326598,3.21200,Regen
2020-11-09 04:27:23.336548,2.78100,Regen
2020-11-09 04:42:23.339492,2.32400,Regen
2020-11-09 04:57:23.333430,2.03200,Regen
2020-11-09 05:12:23.343379,1.34500,Regen
2020-11-09 05:27:23.337317,0.81700,Regen
2020-11-09 05:42:23.325251,0.79900,Regen
2020-11-09 05:57:23.336201,0.79600,Regen
2020-11-09 06:12:23.324135,0.79400,Regen
2020-11-09 06:27:23.330081,0.79400,Regen
2020-11-09 06:42:23.340031,0.79300,Regen
2020-11-09 06:57:23.329966,0.79300,Regen
2020-11-09 07:12:23.339915,0.79200,Ready
2020-11-09 07:27:23.350865,0.79200,Ready
2020-11-09 07:42:23.338799,0.79200,Ready
2020-11-09 07:57:23.349749,0.79200,Ready
2020-11-09 08:12:23.337683,0.79200,Ready
2020-11-09 08:27:23.346632,0.79100,Ready
2020-11-09 08:42:23.334565,0.79200,Ready
2020-11-09 08:57:23.344515,0.80300,Ready
2020-11-09 09:12:23.354464,0.79200,Ready
2020-11-09 09:27:23.345400,0.79200,Ready
2020-11-09 09:42:23.352347,0.79100,Ready
2020-11-09 09:57:23.345285,0.79200,Ready
2020-11-09 10:12:23.353232,0.80300,Ready
2020-11-09 10:27:23.351173,0.79200,Ready
2020-11-09 10:42:23.352116,0.79200,Ready
2020-11-09 10:57:23.345053,0.79100,Ready
2020-11-09 11:12:23.336990,0.79200,Ready
2020-11-09 11:27:23.359949,0.79400,Ready
2020-11-09 11:42:23.351885,0.79200,Ready
2020-11-09 11:57:23.357832,0.79200,Ready
2020-11-09 12:12:23.350769,0.79200,Ready
2020-11-09 12:27:23.358717,0.79200,Ready
2020-11-09 12:42:23.388680,0.79200,Ready
2020-11-09 12:57:23.359602,0.79200,Ready
2020-11-09 13:12:23.350538,0.79200,Ready
2020-11-09 13:27:23.358486,0.79200,Ready
2020-11-09 13:42:23.367435,0.79200,Ready
2020-11-09 13:57:23.358370,0.79200,Ready
2020-11-09 14:12:23.363317,0.79200,Ready
2020-11-09 14:27:23.360256,0.80800,Ready
2020-11-09 14:42:23.364201,0.79200,Ready
2020-11-09 14:57:23.361142,0.79300,Ready
2020-11-09 15:12:23.365087,0.79200,Ready
2020-11-09 15:27:23.374035,0.79300,Ready
2020-11-09 15:42:23.361969,0.80800,Ready
2020-11-09 15:57:23.405943,0.79200,Ready
2020-11-09 16:12:23.364856,0.79300,Ready
2020-11-09 16:27:23.372804,0.79200,Ready
2020-11-09 16:42:23.379751,0.79300,Ready
2020-11-09 16:57:23.371687,0.79500,Ready
2020-11-09 17:12:23.360622,0.79300,Ready
2020-11-09 17:27:23.371572,0.79300,Ready
2020-11-09 17:42:23.377519,0.79200,Ready
2020-11-09 17:57:23.371456,0.79300,Ready
2020-11-09 18:12:23.378404,0.79300,Ready
2020-11-09 18:27:23.431384,0.79300,Ready
2020-11-09 18:42:23.376287,0.79300,Ready
2020-11-09 18:57:23.390239,0.79200,Ready
2020-11-09 19:12:23.420203,0.95600,Regen
2020-11-09 19:27:23.388122,2.43100,Regen
2020-11-09 19:42:23.393068,3.15500,Regen
2020-11-09 19:57:23.385004,3.39200,Regen
2020-11-09 20:12:23.395955,3.21500,Regen
2020-11-09 20:27:23.383889,3.46800,Regen
2020-11-09 20:42:23.394838,3.69500,Regen
2020-11-09 20:57:23.387776,3.88100,Regen
2020-11-09 21:12:23.375709,4.02600,Regen
2020-11-09 21:27:23.400669,4.14400,Regen
2020-11-09 21:42:23.736852,4.24200,Regen
2020-11-09 21:57:23.678753,4.33800,Regen
2020-11-09 22:12:23.622654,4.42700,Regen
2020-11-09 22:27:23.684640,4.50700,Regen
2020-11-09 22:42:23.406385,4.57700,Regen
2020-11-09 22:57:23.400323,4.63600,Regen
2020-11-09 23:12:23.407270,4.59600,Regen
2020-11-09 23:27:23.402209,4.59600,Regen
2020-11-09 23:42:23.404152,4.59600,Regen
2020-11-09 23:57:23.396089,4.46400,Regen
2020-11-10 00:12:23.406038,4.33300,Regen
2020-11-10 00:27:23.413987,4.20900,Regen
2020-11-10 00:42:23.407924,4.10200,Regen
2020-11-10 00:57:23.418874,4.00100,Regen
2020-11-10 01:12:23.405807,3.91400,Regen
2020-11-10 01:27:23.412755,3.83000,Regen
2020-11-10 01:42:23.407693,3.75900,Regen
2020-11-10 01:57:23.412639,3.69500,Regen
2020-11-10 02:12:23.405576,3.64900,Regen
2020-11-10 02:27:23.415526,3.60800,Regen
2020-11-10 02:42:23.403460,3.57600,Regen
2020-11-10 02:57:23.414410,3.55200,Regen
2020-11-10 03:12:23.401343,3.52900,Regen
2020-11-10 03:27:23.426303,3.51700,Regen
2020-11-10 03:42:23.421241,3.50200,Regen
2020-11-10 03:57:23.427188,3.48700,Regen
2020-11-10 04:12:23.421126,3.22500,Regen
2020-11-10 04:27:23.428073,2.76600,Regen
2020-11-10 04:42:23.418008,2.30900,Regen
2020-11-10 04:57:23.428958,2.02000,Regen
2020-11-10 05:12:23.432904,1.28700,Regen
2020-11-10 05:27:23.424840,0.81500,Regen
2020-11-10 05:42:23.420779,0.79900,Regen
2020-11-10 05:57:23.470757,0.79600,Regen
2020-11-10 06:12:23.419663,0.79400,Regen
2020-11-10 06:27:23.422608,0.79300,Regen
2020-11-10 06:42:23.431556,0.79300,Regen
2020-11-10 06:57:23.426495,0.79300,Regen
2020-11-10 07:12:23.420433,0.79200,Ready
2020-11-10 07:27:23.424378,0.79200,Ready
2020-11-10 07:42:23.431325,0.79400,Ready
2020-11-10 07:57:23.424263,0.79200,Ready
2020-11-10 08:12:23.434212,0.79200,Ready
2020-11-10 08:27:23.425148,0.79100,Ready
2020-11-10 08:42:23.432095,0.79200,Ready
2020-11-10 08:57:23.441044,0.82100,Ready
2020-11-10 09:12:23.432980,0.79200,Ready
2020-11-10 09:27:23.439928,0.79200,Ready
2020-11-10 09:42:23.428862,0.79100,Ready
2020-11-10 09:57:23.436810,0.79200,Ready
2020-11-10 10:12:23.486788,0.79800,Ready
2020-11-10 10:27:23.438696,0.79200,Ready
2020-11-10 10:42:23.426630,0.79200,Ready
2020-11-10 11:01:34.723977,0.79200,Ready
2020-11-10 11:12:23.784769,0.79200,Ready
2020-11-10 11:27:23.640609,0.79300,Ready
2020-11-10 12:05:04.738274,0.79200,Ready
2020-11-10 12:25:00.717343,0.79200,Ready
2020-11-10 12:27:23.621796,0.79200,Ready
2020-11-10 12:42:23.722810,0.79100,Ready
2020-11-10 12:57:23.634690,0.79200,Ready
2020-11-10 13:12:23.683668,0.79200,Ready
2020-11-10 13:27:23.450443,0.79200,Ready
2020-11-10 13:42:23.443381,0.79200,Ready
2020-11-10 13:57:23.450328,0.79100,Ready
2020-11-10 14:12:23.459276,0.79200,Ready
2020-11-10 14:27:23.449212,0.81100,Ready
2020-11-10 14:42:23.459161,0.79200,Ready
2020-11-10 14:57:23.451098,0.79200,Ready
2020-11-10 15:12:23.459046,0.79200,Ready
2020-11-10 15:27:23.511025,0.79200,Ready
2020-11-10 15:42:23.460932,0.80100,Ready
2020-11-10 15:57:23.464877,0.79200,Ready
2020-11-10 16:12:23.458815,0.79200,Ready
2020-11-10 16:27:23.464761,0.79200,Ready
2020-11-10 16:42:23.462702,0.79200,Ready
2020-11-10 16:57:23.464646,0.79400,Ready
2020-11-10 17:12:23.457583,0.79200,Ready
2020-11-10 17:27:23.467532,0.79300,Ready
2020-11-10 17:42:23.472478,0.79200,Ready
2020-11-10 17:57:23.461413,0.79300,Ready
2020-11-10 18:12:23.478367,0.79200,Ready
2020-11-10 18:27:23.464299,0.79300,Ready
2020-11-10 18:42:23.473248,0.79300,Ready
2020-11-10 18:57:23.463183,0.79200,Ready
2020-11-10 19:12:23.472132,0.96500,Regen
2020-11-10 19:27:23.480079,2.45700,Regen
2020-11-10 19:42:23.471015,3.15900,Regen
2020-11-10 19:57:23.481966,3.39500,Regen
2020-11-10 20:12:23.468899,3.21500,Regen
2020-11-10 20:27:23.477847,3.47200,Regen
2020-11-10 20:42:23.489798,3.69500,Regen
2020-11-10 20:57:23.476731,3.88100,Regen
2020-11-10 21:12:23.491684,4.02600,Regen
2020-11-10 21:27:23.475615,4.14400,Regen
2020-11-10 21:42:23.887851,4.24700,Regen
2020-11-10 21:57:23.729680,4.34400,Regen
2020-11-10 22:12:23.764648,4.42700,Regen
2020-11-10 22:27:23.813624,4.50700,Regen
2020-11-10 22:42:23.485333,4.57700,Regen
2020-11-10 22:57:23.494282,4.63600,Regen
2020-11-10 23:12:23.484217,4.59600,Regen
2020-11-10 23:27:23.491164,4.59600,Regen
2020-11-10 23:42:23.484101,4.59600,Regen
2020-11-10 23:57:23.491049,4.46400,Regen
2020-11-11 00:12:23.497996,4.33300,Regen
2020-11-11 00:27:23.494936,4.20900,Regen
2020-11-11 00:42:23.501883,4.10200,Regen
2020-11-11 00:57:23.491818,4.00600,Regen
2020-11-11 01:12:23.498765,3.91400,Regen
2020-11-11 01:27:23.490702,3.83500,Regen
2020-11-11 01:42:23.498650,3.75900,Regen
2020-11-11 01:57:23.490587,3.69500,Regen
2020-11-11 02:12:23.497534,3.64900,Regen
2020-11-11 02:27:23.487469,3.60800,Regen
2020-11-11 02:42:23.498420,3.57600,Regen
2020-11-11 02:57:23.488354,3.54800,Regen
2020-11-11 03:12:23.496302,3.53300,Regen
2020-11-13 11:59:54.206490,0.79200,Ready
2020-11-13 12:12:23.038112,0.79200,Ready
2020-11-13 12:27:23.069077,0.79300,Ready
2020-11-13 12:42:22.948934,0.79200,Ready
2020-11-13 12:57:22.969890,0.79300,Ready
2020-11-13 13:12:22.721656,0.79300,Ready
2020-11-13 13:27:22.712592,0.79300,Ready
2020-11-13 13:42:22.718539,0.79300,Ready
2020-11-13 13:57:22.712476,0.79200,Ready
2020-11-13 14:12:22.720425,0.79300,Ready
2020-11-13 14:27:22.731375,0.82700,Ready
2020-11-13 16:27:22.788954,0.79200,Ready
2020-11-13 16:42:23.063091,0.79300,Ready
2020-11-13 16:57:22.943949,0.80600,Ready
2020-11-13 17:12:22.962904,0.79300,Ready
2020-11-13 17:27:23.163990,0.79300,Ready
2020-11-13 17:42:22.733626,0.79300,Ready
2020-11-13 17:57:22.727564,0.79300,Ready
2020-11-13 18:12:23.211919,0.79500,Ready
2020-11-13 18:27:23.040739,0.79300,Ready
2020-11-13 18:42:22.987644,0.79300,Ready
2020-11-13 18:57:23.093662,0.79300,Ready
2020-11-13 19:12:22.736350,0.96900,Regen
2020-11-13 19:27:22.740295,2.47400,Regen
2020-11-13 19:42:22.733232,3.15900,Regen
2020-11-13 19:57:22.758192,3.39900,Regen
2020-11-13 20:12:22.747127,3.22200,Regen
2020-11-13 20:27:22.740064,3.48000,Regen
2020-11-13 20:42:22.778033,3.70300,Regen
2020-11-13 20:57:22.737947,3.89000,Regen
2020-11-13 21:12:22.750899,4.03100,Regen
2020-11-13 21:27:22.737832,4.15000,Regen
2020-11-13 21:42:23.139060,4.25300,Regen
2020-11-13 21:57:23.037929,4.34400,Regen
2020-11-13 22:12:23.022862,4.43300,Regen
2020-11-13 22:27:23.064833,4.51300,Regen
2020-11-13 22:42:22.747550,4.58300,Regen
2020-11-13 22:57:22.755498,4.64200,Regen
2020-11-13 23:12:22.745433,4.59600,Regen
2020-11-13 23:27:22.755382,4.59600,Regen
2020-11-13 23:42:22.761329,4.59600,Regen
2020-11-13 23:57:22.811307,4.52000,Regen
2020-11-14 00:12:22.759212,4.38500,Regen
2020-11-14 00:27:22.767160,4.25900,Regen
2020-11-14 00:42:22.761098,4.14400,Regen
2020-11-14 00:57:22.771047,4.04600,Regen
2020-11-14 01:12:22.760982,3.95200,Regen
2020-11-14 01:27:22.768930,3.86700,Regen
2020-11-14 01:42:22.757865,3.79000,Regen
2020-11-14 01:57:22.767814,3.72400,Regen
2020-11-14 02:12:22.774761,3.66900,Regen
2020-11-14 02:27:22.768699,3.62800,Regen
2020-11-14 02:42:22.758635,3.59200,Regen
2020-11-14 02:57:22.769584,3.56400,Regen
2020-11-14 03:12:22.760520,3.54500,Regen
2020-11-14 03:27:22.782478,3.52900,Regen
2020-11-14 03:42:22.776416,3.51400,Regen
2020-11-14 03:57:22.767695,3.49800,Regen
2020-11-14 04:12:22.776643,3.23200,Regen
2020-11-14 04:27:22.782590,2.77600,Regen
2020-11-14 04:42:22.771524,2.35000,Regen
2020-11-14 04:57:22.784476,2.02700,Regen
2020-11-14 05:12:22.772410,1.32000,Regen
2020-11-14 05:27:22.780357,0.81700,Regen
2020-11-14 05:42:22.789306,0.80000,Regen
2020-11-14 05:57:22.782243,0.79600,Regen
2020-11-14 06:12:22.773179,0.79500,Regen
2020-11-14 06:27:22.779126,0.79400,Regen
2020-11-14 06:42:22.773064,0.79400,Regen
2020-11-14 06:57:22.780011,0.79300,Regen
2020-11-14 07:12:22.793963,0.79200,Ready
2020-11-14 07:27:22.782898,0.79300,Ready
2020-11-14 07:42:22.788844,0.80700,Ready
2020-11-14 07:57:22.795791,0.79300,Ready
2020-11-14 08:12:22.785726,0.79300,Ready
2020-11-14 08:27:22.780665,0.79200,Ready
2020-11-14 08:42:22.790615,0.79300,Ready
2020-11-14 08:57:22.795560,0.80600,Ready
2020-11-14 09:12:22.784495,0.79300,Ready
2020-11-14 09:27:22.796446,0.79300,Ready
2020-11-14 09:42:22.803393,0.79200,Ready
2020-11-14 09:57:22.793328,0.79300,Ready
2020-11-14 10:12:22.806279,0.79500,Ready
2020-11-14 10:27:22.794213,0.79300,Ready
2020-11-14 10:42:22.802161,0.79300,Ready
2020-11-14 10:57:22.795098,0.79200,Ready
2020-11-14 11:12:22.801045,0.79300,Ready
2020-11-14 11:27:22.810994,0.79300,Ready
2020-11-14 11:42:22.799929,0.79300,Ready
2020-11-14 11:57:22.808877,0.79300,Ready
2020-11-14 12:12:22.817826,0.79200,Ready
2020-11-14 12:27:22.794752,0.79300,Ready
2020-11-14 12:42:22.799698,0.79200,Ready
2020-11-14 12:57:22.809647,0.79300,Ready
2020-11-14 13:12:22.798581,0.81300,Ready
2020-11-14 13:27:22.806529,0.79300,Ready
2020-11-14 13:42:22.797465,0.79300,Ready
2020-11-14 13:57:22.808415,0.79300,Ready
2020-11-14 14:12:22.816363,0.79300,Ready
2020-11-14 14:27:22.824311,0.81200,Ready
2020-11-14 14:42:22.816248,0.79300,Ready
2020-11-14 14:57:22.823195,0.79300,Ready
2020-11-14 15:12:22.818134,0.79200,Ready
2020-11-14 15:27:22.809069,0.79300,Ready
2020-11-14 15:42:22.812014,0.80600,Ready
2020-11-14 15:57:22.823965,0.79300,Ready
2020-11-14 16:12:22.811898,0.79300,Ready
2020-11-14 16:27:22.819846,0.79300,Ready
2020-11-14 16:42:22.827794,0.79300,Ready
2020-11-14 16:57:22.820732,0.79300,Ready
2020-11-14 17:12:22.826678,0.79300,Ready
2020-11-14 17:27:22.818615,0.79300,Ready
2020-11-14 17:42:22.830565,0.79300,Ready
2020-11-14 17:57:22.836512,0.79300,Ready
2020-11-14 18:12:22.879485,0.79300,Ready
2020-11-14 18:27:22.818384,0.79300,Ready
2020-11-14 18:42:22.828333,0.79800,Ready
2020-11-14 18:57:22.865301,0.79300,Ready
2020-11-14 19:12:22.829218,0.97600,Regen
2020-11-14 19:27:22.834164,2.50800,Regen
2020-11-14 19:42:22.843113,3.15200,Regen
2020-11-14 19:57:22.834048,3.39500,Regen
2020-11-14 20:12:22.847000,3.22200,Regen
2020-11-14 20:27:22.837936,3.48300,Regen
2020-11-14 20:42:22.826870,3.70300,Regen
2020-11-14 20:57:22.833817,3.89000,Regen
2020-11-14 21:12:22.843767,4.03600,Regen
2020-11-14 21:27:22.834703,4.14400,Regen
2020-11-14 21:42:23.318989,4.25300,Regen
2020-11-14 21:57:23.136802,4.34400,Regen
2020-11-14 22:12:23.115729,4.43300,Regen
2020-11-14 22:27:23.189724,4.51300,Regen
2020-11-14 22:42:22.840418,4.58300,Regen
2020-11-14 22:57:22.851368,4.63600,Regen
2020-11-14 23:12:22.841303,4.59600,Regen
2020-11-14 23:27:22.845248,4.59600,Regen
2020-11-14 23:42:22.854197,4.59600,Regen
2020-11-14 23:57:22.846134,4.46400,Regen
2020-11-15 00:12:22.855082,4.33300,Regen
2020-11-15 00:27:22.847019,4.20900,Regen
2020-11-15 00:42:22.858970,4.10200,Regen
2020-11-15 00:57:22.844902,4.01100,Regen
2020-11-15 01:12:22.857853,3.91900,Regen
2020-11-15 01:27:22.863800,3.83900,Regen
2020-11-15 01:42:22.857738,3.75900,Regen
2020-11-15 01:57:22.865686,3.69900,Regen
2020-11-15 02:12:22.895649,3.65300,Regen
2020-11-15 02:27:22.848558,3.61200,Regen
2020-11-15 02:42:22.851503,3.58000,Regen
2020-11-15 02:57:22.865455,3.55600,Regen
2020-11-15 03:12:22.853389,3.53700,Regen
2020-11-15 03:27:22.864339,3.52100,Regen
2020-11-15 03:42:22.869699,3.50600,Regen
2020-11-15 03:57:22.859634,3.49100,Regen
2020-11-15 04:12:22.870584,3.21900,Regen
2020-11-15 04:27:22.878532,2.76100,Regen
2020-11-15 04:42:22.870469,2.30300,Regen
2020-11-15 04:57:22.864406,2.03600,Regen
2020-11-15 05:12:22.870353,1.26100,Regen
2020-11-15 05:27:22.878301,0.81800,Regen
2020-11-15 05:42:22.866235,0.79900,Regen
2020-11-15 05:57:22.875183,0.79600,Regen
2020-11-15 06:12:22.865119,0.79400,Regen
2020-11-15 06:27:22.875068,0.79400,Regen
2020-11-15 06:42:22.867005,0.79300,Regen
2020-11-15 06:57:22.874952,0.79300,Regen
2020-11-15 07:12:22.864888,0.79400,Ready
2020-11-15 07:27:22.871835,0.79300,Ready
2020-11-15 07:42:22.882785,0.82600,Ready
2020-11-15 07:57:22.872720,0.79200,Ready
2020-11-15 08:12:22.878667,0.79300,Ready
2020-11-15 08:27:22.887615,0.79200,Ready
2020-11-15 08:42:22.866543,0.79200,Ready
2020-11-15 08:57:22.871488,0.79300,Ready
2020-11-15 09:12:22.879436,0.79200,Ready
2020-11-15 09:27:22.887384,0.79300,Ready
2020-11-15 09:42:22.881322,0.79200,Ready
2020-11-15 09:57:22.886268,0.79200,Ready
2020-11-15 10:12:22.883208,0.80300,Ready
2020-11-15 10:27:22.888154,0.79200,Ready
2020-11-15 10:42:22.880091,0.79300,Ready
2020-11-15 10:57:22.884036,0.79200,Ready
2020-11-15 11:12:22.891984,0.79200,Ready
2020-11-15 11:27:22.902934,0.79200,Ready
2020-11-15 11:42:22.892869,0.79200,Ready
2020-11-15 11:57:22.902818,0.79300,Ready
2020-11-15 12:12:22.891753,0.79200,Ready
2020-11-15 12:27:22.883689,0.79300,Ready
2020-11-15 12:42:22.892638,0.79200,Ready
2020-11-15 12:57:22.901587,0.79200,Ready
2020-11-15 13:12:22.893523,0.80400,Ready
2020-11-15 13:27:22.899470,0.79200,Ready
2020-11-15 13:42:22.911420,0.79300,Ready
2020-11-15 13:57:22.899354,0.79200,Ready
2020-11-15 14:12:22.896294,0.79300,Ready
2020-11-15 14:27:22.898238,0.80400,Ready
2020-11-15 14:42:22.907186,0.79300,Ready
2020-11-15 14:57:22.900124,0.79300,Ready
2020-11-15 15:12:22.909073,0.79200,Ready
2020-11-15 15:27:22.915019,0.79300,Ready
2020-11-15 15:42:22.908957,0.79500,Ready
2020-11-15 15:57:22.915904,0.79300,Ready
2020-11-15 16:12:22.908842,0.79300,Ready
2020-11-15 16:27:22.918791,0.79200,Ready
2020-11-15 16:42:22.906725,0.79300,Ready
2020-11-15 16:57:22.914673,0.80800,Ready
2020-11-15 17:12:22.904608,0.79300,Ready
2020-11-15 17:27:22.917559,0.79300,Ready
2020-11-15 17:42:22.904492,0.79300,Ready
2020-11-15 17:57:22.913441,0.79300,Ready
2020-11-15 18:12:22.923390,0.79600,Ready
2020-11-15 18:27:22.913325,0.79300,Ready
2020-11-15 18:42:22.923275,0.79300,Ready
2020-11-15 18:57:22.912209,0.79300,Ready
2020-11-15 19:12:22.923159,0.98100,Regen
2020-11-15 19:27:22.927104,2.33800,Regen
2020-11-15 19:42:22.919041,3.15900,Regen
2020-11-15 19:57:22.939998,3.38500,Regen
2020-11-15 20:12:22.917925,3.22200,Regen
2020-11-15 20:27:22.928875,3.46800,Regen
2020-11-15 20:42:22.963842,3.70300,Regen
2020-11-15 20:57:22.931761,3.88100,Regen
2020-11-15 21:12:22.919695,4.03100,Regen
2020-11-15 21:27:22.925642,4.15000,Regen
2020-11-15 21:42:23.385911,4.24200,Regen
2020-11-15 21:57:23.355832,4.34400,Regen
2020-11-15 22:12:23.151629,4.42700,Regen
2020-11-15 22:27:23.223622,4.51300,Regen
2020-11-15 22:42:22.934359,4.57700,Regen
2020-11-15 22:57:22.943308,4.63600,Regen
2020-11-15 23:12:22.935245,4.59600,Regen
2020-11-15 23:27:22.944193,4.59600,Regen
2020-11-15 23:42:22.930126,4.59600,Regen
2020-11-15 23:57:22.941076,4.47000,Regen
2020-11-16 00:12:22.948023,4.32700,Regen
2020-11-16 00:27:22.938959,4.20900,Regen
2020-11-16 00:42:22.971924,4.09700,Regen
2020-11-16 00:57:22.969865,3.99600,Regen
2020-11-16 01:12:22.934782,3.90900,Regen
2020-11-16 01:27:22.937727,3.82100,Regen
2020-11-16 01:42:22.949678,3.75000,Regen
2020-11-16 01:57:22.988648,3.68600,Regen
2020-11-16 02:12:22.960570,3.64100,Regen
2020-11-16 02:27:22.953507,3.59600,Regen
2020-11-16 02:42:22.947445,3.56800,Regen
2020-11-16 02:57:22.953392,3.54500,Regen
2020-11-16 03:12:22.957337,3.52500,Regen
2020-11-16 03:27:22.952276,3.51000,Regen
2020-11-16 03:42:22.944213,3.49500,Regen
2020-11-16 03:57:22.995191,3.48000,Regen
2020-11-16 04:12:22.966112,3.20300,Regen
2020-11-16 04:27:22.953045,2.77300,Regen
2020-11-16 04:42:22.960993,2.29100,Regen
2020-11-16 04:57:22.953931,2.00300,Regen
2020-11-16 05:12:22.961879,1.31700,Regen
2020-11-16 05:27:22.967825,0.81400,Regen
2020-11-16 05:42:22.957760,0.80000,Regen
2020-11-16 05:57:22.966709,0.79600,Regen
2020-11-16 06:12:23.001676,0.79500,Regen
2020-11-16 06:27:22.966593,0.79400,Regen
2020-11-16 06:42:22.958530,0.79400,Regen
2020-11-16 06:57:22.967479,0.79300,Regen
2020-11-16 07:12:22.960416,0.79200,Ready
2020-11-16 07:27:22.965362,0.79300,Ready
2020-11-16 07:42:22.979314,0.81500,Ready
2020-11-16 07:57:22.969249,0.79200,Ready
2020-11-16 08:12:22.957183,0.79300,Ready
2020-11-16 08:27:23.009162,0.79200,Ready
2020-11-16 08:42:22.971077,0.79300,Ready
2020-11-16 08:57:22.982027,0.79800,Ready
2020-11-16 09:12:22.973964,0.79200,Ready
2020-11-16 09:27:22.966901,0.79300,Ready
2020-11-16 09:42:22.974849,0.79200,Ready
2020-11-16 09:57:22.963784,0.79300,Ready
2020-11-16 10:12:22.974733,0.82000,Ready
2020-11-16 10:27:22.986685,0.79200,Ready
2020-11-16 10:42:22.975619,0.79300,Ready
2020-11-16 10:57:22.978563,0.79200,Ready
2020-11-16 11:12:23.018534,0.79300,Ready
2020-11-16 11:27:22.979449,0.79900,Ready
2020-11-16 11:42:22.987396,0.79300,Ready
2020-11-16 11:57:22.979333,0.79300,Ready
2020-11-16 12:12:22.987281,0.79200,Ready
2020-11-16 12:27:23.003234,0.79300,Ready
2020-11-16 12:42:22.984163,0.79300,Ready
2020-11-16 12:57:22.979102,0.79300,Ready
2020-11-16 13:12:22.986049,0.79300,Ready
2020-11-16 13:27:22.992997,0.79300,Ready
2020-11-16 13:42:22.999944,0.79300,Ready
2020-11-16 13:57:22.994882,0.79200,Ready
2020-11-16 14:12:23.000829,0.79300,Ready
2020-11-16 14:27:22.995767,0.79300,Ready
2020-11-16 14:42:22.983701,0.79300,Ready
2020-11-16 14:57:22.994652,0.79300,Ready
2020-11-16 15:12:23.001598,0.79200,Ready
2020-11-16 15:27:23.019554,0.79300,Ready
2020-11-16 15:42:23.001484,0.85500,Ready
2020-11-16 15:57:22.991418,0.81000,Ready
2020-11-16 16:12:22.999366,0.79600,Ready
2020-11-17 13:12:23.188653,0.81200,Ready
2020-11-17 13:27:23.278660,0.79200,Ready
2020-11-17 13:42:23.271597,0.79300,Ready
2020-11-17 13:57:23.394626,0.79200,Ready
2020-11-17 14:12:23.363547,0.79300,Ready
2020-11-17 14:27:23.091295,0.80700,Ready
2020-11-17 14:42:23.078229,0.79300,Ready
2020-11-17 14:57:23.087177,0.79300,Ready
2020-11-17 15:12:23.084118,0.79200,Ready
2020-11-17 15:27:23.087062,0.79300,Ready
2020-11-17 15:42:23.095010,0.81800,Ready
2020-11-17 15:57:23.086946,0.79300,Ready
2020-11-17 16:12:23.076882,0.79300,Ready
2020-11-17 16:27:23.085830,0.79200,Ready
2020-11-17 16:42:23.091777,0.79300,Ready
2020-11-17 16:57:23.100725,0.79800,Ready
2020-11-17 17:12:23.092662,0.79300,Ready
2020-11-17 17:27:23.141639,0.79300,Ready
2020-11-17 17:42:23.092547,0.79200,Ready
2020-11-17 17:57:23.101495,0.79300,Ready
2020-11-17 18:12:23.091430,0.79300,Ready
2020-11-17 18:27:23.137405,0.79300,Ready
2020-11-17 18:42:23.108327,0.79300,Ready
2020-11-17 18:57:23.101264,0.79300,Ready
2020-11-17 19:12:23.119219,0.94900,Regen
2020-11-17 19:27:23.101148,2.40000,Regen
2020-11-17 19:42:23.108096,3.15200,Regen
2020-11-17 19:57:23.102034,3.38800,Regen
2020-11-17 20:12:23.123992,3.20900,Regen
2020-11-17 20:27:23.133941,3.46500,Regen
2020-11-17 20:42:23.105864,3.70300,Regen
2020-11-17 20:57:23.117814,3.87600,Regen
2020-11-17 21:12:23.105748,4.02100,Regen
2020-11-17 21:27:23.098685,4.13900,Regen
2020-11-17 21:42:23.506917,4.24200,Regen
2020-11-17 21:57:23.394780,4.33800,Regen
2020-11-17 22:12:23.324673,4.42100,Regen
2020-11-17 22:27:23.358639,4.50700,Regen
2020-11-17 22:42:23.108404,4.57100,Regen
2020-11-17 22:57:23.112349,4.62900,Regen
2020-11-17 23:12:23.122298,4.59600,Regen
2020-11-17 23:27:23.111233,4.59600,Regen
2020-11-17 23:42:23.164212,4.59600,Regen
2020-11-17 23:57:23.127128,4.47000,Regen
2020-11-18 00:12:23.125069,4.32700,Regen
2020-11-18 00:27:23.111002,4.20900,Regen
2020-11-18 00:42:23.120951,4.10200,Regen
2020-11-18 00:57:23.125896,4.00100,Regen
2020-11-18 01:12:23.135846,3.91400,Regen
2020-11-18 01:27:23.127783,3.83000,Regen
2020-11-18 01:42:23.117718,3.75500,Regen
2020-11-18 01:57:23.130669,3.69500,Regen
2020-11-18 02:12:23.135615,3.64500,Regen
2020-11-18 02:27:23.129553,3.60400,Regen
2020-11-18 02:42:23.138501,3.57600,Regen
2020-11-18 02:57:23.142447,3.54800,Regen
2020-11-18 03:12:23.136385,3.52900,Regen
2020-11-18 03:27:23.125319,3.51400,Regen
2020-11-18 03:42:23.133267,3.49800,Regen
2020-11-18 03:57:23.123202,3.48300,Regen
2020-11-18 04:12:23.134152,3.19900,Regen
2020-11-18 04:27:23.139098,2.76900,Regen
2020-11-18 04:42:23.137039,2.31300,Regen
2020-11-18 04:57:23.140984,2.02400,Regen
2020-11-18 05:12:23.131920,1.30900,Regen
2020-11-18 05:27:23.143871,0.81600,Regen
2020-11-18 05:42:23.148817,0.80000,Regen
2020-11-18 05:57:23.139752,0.79600,Regen
2020-11-18 06:12:23.145699,0.79400,Regen
2020-11-18 06:27:23.136635,0.79400,Regen
2020-11-18 06:42:23.148586,0.79300,Regen
2020-11-18 06:57:23.155533,0.79300,Regen
2020-11-18 07:12:23.151472,0.79300,Ready
2020-11-18 07:27:23.139406,0.79300,Ready
2020-11-18 07:42:23.145353,0.79300,Ready
2020-11-18 07:57:23.156303,0.79200,Ready
2020-11-18 08:12:23.163250,0.79300,Ready
2020-11-18 08:27:23.154186,0.79200,Ready
2020-11-18 08:42:23.147123,0.79300,Ready
2020-11-18 08:57:23.157072,0.80300,Ready
2020-11-18 09:12:23.160017,0.79200,Ready
2020-11-18 09:27:23.151953,0.79200,Ready
2020-11-18 09:42:23.159901,0.79200,Ready
2020-11-18 09:57:23.151838,0.79200,Ready
2020-11-18 10:12:23.159786,0.80200,Ready
2020-11-18 10:27:23.165732,0.79200,Ready
2020-11-18 10:42:23.161672,0.79300,Ready
2020-11-18 10:57:23.152607,0.79200,Ready
2020-11-18 11:12:23.157553,0.79200,Ready
2020-11-18 11:27:23.167546,0.79400,Ready
2020-11-18 11:42:23.156481,0.79200,Ready
2020-11-18 11:57:23.169432,0.80400,Ready
2020-11-18 12:12:23.156365,0.79200,Ready
2020-11-18 12:27:23.167315,0.79300,Ready
2020-11-18 12:42:23.158251,0.79200,Ready
2020-11-18 12:57:23.163197,0.79200,Ready
2020-11-18 13:12:23.174147,0.79300,Ready
2020-11-18 13:27:23.179093,0.79200,Ready
2020-11-18 13:42:23.177033,0.79300,Ready
2020-11-18 13:57:23.179978,0.79200,Ready
2020-11-18 14:12:23.173916,0.79300,Ready
2020-11-18 14:27:23.179862,0.80700,Ready
2020-11-18 14:42:23.172800,0.79300,Ready
2020-11-18 14:57:23.178746,0.79300,Ready
2020-11-18 15:12:23.173685,0.79200,Ready
2020-11-18 15:27:23.178631,0.79300,Ready
2020-11-18 15:42:23.184577,0.80700,Ready
2020-11-18 15:57:23.214541,0.79300,Ready
2020-11-18 16:12:23.185463,0.79300,Ready
2020-11-18 16:27:23.176398,0.79200,Ready
2020-11-18 16:42:23.186348,0.79300,Ready
2020-11-18 16:57:23.194295,0.79200,Ready
2020-11-18 17:12:23.188234,0.79300,Ready
2020-11-18 17:27:23.197182,0.79300,Ready
2020-11-18 17:42:23.187117,0.79300,Ready
2020-11-18 17:57:23.178053,0.79300,Ready
2020-11-18 18:12:23.191005,0.79200,Ready
2020-11-18 18:27:23.176937,0.79300,Ready
2020-11-18 18:42:23.185886,0.80900,Ready
2020-11-18 18:57:23.231861,0.79300,Ready
2020-11-18 19:12:23.205784,0.93400,Regen
2020-11-18 19:27:23.194719,2.54200,Regen
2020-11-18 19:42:23.187656,3.15200,Regen
2020-11-18 19:57:23.209614,3.38500,Regen
2020-11-18 20:12:23.195546,3.20900,Regen
2020-11-18 20:27:23.191486,3.48000,Regen
2020-11-18 20:42:23.198433,3.68600,Regen
2020-11-18 20:57:23.197375,3.87600,Regen
2020-11-18 21:12:23.196316,4.02100,Regen
2020-11-18 21:27:23.207266,4.13900,Regen
2020-11-18 21:42:23.644519,4.24700,Regen
2020-11-18 21:57:23.596427,4.33800,Regen
2020-11-18 22:12:23.518314,4.43300,Regen
2020-11-18 22:27:23.564290,4.50700,Regen
2020-11-18 22:42:23.213982,4.57700,Regen
2020-11-18 22:57:23.205919,4.62900,Regen
2020-11-18 23:12:23.214868,4.59600,Regen
2020-11-18 23:27:23.204803,4.59600,Regen
2020-11-18 23:42:23.213752,4.59600,Regen
2020-11-18 23:57:23.207690,4.46400,Regen
2020-11-19 00:12:23.215637,4.33800,Regen
2020-11-19 00:27:23.221584,4.20900,Regen
2020-11-19 00:42:23.216523,4.10800,Regen
2020-11-19 00:57:23.206458,4.00600,Regen
2020-11-19 01:12:23.236421,3.91400,Regen
2020-11-19 01:27:23.220352,3.83500,Regen
2020-11-19 01:42:23.231302,3.75500,Regen
2020-11-19 01:57:23.224239,3.69500,Regen
2020-11-19 02:12:23.212173,3.64500,Regen
2020-11-19 02:27:23.223123,3.60800,Regen
2020-11-19 02:42:23.225067,3.57600,Regen
2020-11-19 02:57:23.222007,3.55200,Regen
2020-11-19 03:12:23.253972,3.53300,Regen
2020-11-19 03:27:23.242907,3.51400,Regen
2020-11-19 03:42:23.227838,3.50200,Regen
2020-11-19 03:57:23.236787,3.48300,Regen
2020-11-19 04:12:23.232726,3.23200,Regen
2020-11-19 04:27:23.237672,2.77800,Regen
2020-11-19 04:42:23.229609,2.31900,Regen
2020-11-19 04:57:23.234555,2.02700,Regen
2020-11-19 05:12:23.260515,1.19900,Regen
2020-11-19 05:27:23.237441,0.81700,Regen
2020-11-19 05:42:23.225375,0.79900,Regen
2020-11-19 05:57:23.237326,0.79600,Regen
2020-11-19 06:12:23.258283,0.79400,Regen
2020-11-19 06:27:23.252221,0.79400,Regen
2020-11-19 06:42:23.242156,0.79300,Regen
2020-11-19 06:57:23.250104,0.79300,Regen
2020-11-19 07:12:23.244042,0.79300,Ready
2020-11-19 07:27:23.249988,0.79300,Ready
2020-11-19 07:42:23.242926,0.79300,Ready
2020-11-19 07:57:23.248872,0.79200,Ready
2020-11-19 08:12:23.243811,0.79200,Ready
2020-11-19 08:27:23.244754,0.79200,Ready
2020-11-19 08:42:23.238692,0.79200,Ready
2020-11-19 08:57:23.246640,0.81200,Ready
2020-11-19 09:12:23.240578,0.79200,Ready
2020-11-19 09:27:23.246524,0.79200,Ready
2020-11-19 09:42:23.252471,0.79200,Ready
2020-11-19 09:57:23.264422,0.79200,Ready
2020-11-19 10:12:23.254357,0.81300,Ready
2020-11-19 10:27:23.249296,0.79200,Ready
2020-11-19 10:42:23.252240,0.79200,Ready
2020-11-19 10:57:23.249180,0.79200,Ready
2020-11-19 11:12:23.254126,0.79300,Ready
2020-11-19 11:27:23.246062,0.79200,Ready
2020-11-19 11:42:23.249007,0.79200,Ready
2020-11-19 11:57:23.260957,0.79300,Ready
2020-11-19 12:12:23.271908,0.79200,Ready
2020-11-19 12:27:23.281857,0.79300,Ready
2020-11-19 12:42:23.251778,0.79200,Ready
2020-11-19 12:57:23.261727,0.79300,Ready
2020-11-19 13:12:23.273678,0.81600,Ready
2020-11-19 13:27:23.261612,0.79200,Ready
2020-11-19 13:42:23.267558,0.79300,Ready
2020-11-19 13:57:23.259495,0.79200,Ready
2020-11-19 14:12:23.267443,0.79300,Ready
2020-11-19 14:27:23.266384,0.79700,Ready
2020-11-19 14:42:23.293346,0.79300,Ready
2020-11-19 14:57:23.276276,0.79300,Ready
2020-11-19 15:12:23.268213,0.79200,Ready
2020-11-19 15:27:23.275160,0.79300,Ready
2020-11-19 15:42:23.267096,0.82100,Ready
2020-11-19 15:57:23.273043,0.79300,Ready
2020-11-19 16:12:23.266981,0.79300,Ready
2020-11-19 16:27:23.271927,0.79200,Ready
2020-11-19 16:42:23.288881,0.79300,Ready
2020-11-19 16:57:23.276815,0.79900,Ready
2020-11-19 17:12:23.283762,0.79300,Ready
2020-11-19 17:27:23.268694,0.79300,Ready
2020-11-19 17:42:23.302660,0.79200,Ready
2020-11-19 17:57:23.271581,0.79300,Ready
2020-11-19 18:12:23.281530,0.79400,Ready
2020-11-19 18:27:23.290478,0.79300,Ready
2020-11-19 18:42:23.296425,0.79300,Ready
2020-11-19 18:57:23.274351,0.79300,Ready
2020-11-19 19:12:23.285301,0.94600,Regen
2020-11-19 19:27:23.290247,2.38900,Regen
2020-11-19 19:42:23.324213,3.15200,Regen
2020-11-19 19:57:23.287130,3.38800,Regen
2020-11-19 20:12:23.280067,3.21200,Regen
2020-11-19 20:27:23.303026,3.46800,Regen
2020-11-19 20:42:23.330988,3.70700,Regen
2020-11-19 20:57:23.286899,3.88100,Regen
2020-11-19 21:12:23.295847,4.02600,Regen
2020-11-19 21:27:23.285783,4.13900,Regen
2020-11-19 21:42:23.654987,4.24200,Regen
2020-11-19 21:57:23.642921,4.33800,Regen
2020-11-19 22:12:23.636859,4.42700,Regen
2020-11-19 22:27:23.516716,4.50700,Regen
2020-11-19 22:42:23.307509,4.57700,Regen
2020-11-19 22:57:23.313456,4.63600,Regen
2020-11-19 23:12:23.294385,4.59600,Regen
2020-11-19 23:27:23.299330,4.59600,Regen
2020-11-19 23:42:23.308279,4.59600,Regen
2020-11-19 23:57:23.300215,4.47000,Regen
2020-11-20 00:12:23.309164,4.32700,Regen
2020-11-20 00:27:23.300100,4.21400,Regen
2020-11-20 00:42:23.307048,4.09700,Regen
2020-11-20 00:57:23.301986,4.00600,Regen
2020-11-20 01:12:23.306932,3.91400,Regen
2020-11-20 01:27:23.297868,3.83000,Regen
2020-11-20 01:42:23.305816,3.75900,Regen
2020-11-20 01:57:23.316766,3.69500,Regen
2020-11-20 02:12:23.308702,3.64500,Regen
2020-11-20 02:27:23.323655,3.60400,Regen
2020-11-20 02:42:23.311589,3.57200,Regen
2020-11-20 02:57:23.385584,3.54800,Regen
2020-11-20 03:12:23.322483,3.53300,Regen
2020-11-20 03:27:23.317420,3.51400,Regen
2020-11-20 03:42:23.303352,3.49800,Regen
2020-11-20 03:57:23.312301,3.48300,Regen
2020-11-20 04:12:23.322250,3.20300,Regen
2020-11-20 04:27:23.312186,2.77300,Regen
2020-11-20 04:42:23.320134,2.31600,Regen
2020-11-20 04:57:23.331083,2.02500,Regen
2020-11-20 05:12:23.319017,1.31300,Regen
2020-11-20 05:27:23.317959,0.81600,Regen
2020-11-20 05:42:23.316900,0.80000,Regen
2020-11-20 05:57:23.329852,0.79600,Regen
2020-11-20 06:12:23.319787,0.79500,Regen
2020-11-20 06:27:23.328735,0.79400,Regen
2020-11-20 06:42:23.333682,0.79300,Regen
2020-11-20 06:57:23.323616,0.79300,Regen
2020-11-20 07:12:23.336568,0.79300,Ready
2020-11-20 07:27:23.329505,0.79300,Ready
2020-11-20 07:42:23.334451,0.79300,Ready
2020-11-20 07:57:23.324386,0.79200,Ready
2020-11-20 08:12:23.333335,0.79200,Ready
2020-11-20 08:27:23.327273,0.79200,Ready
2020-11-20 08:42:23.315207,0.79200,Ready
2020-11-20 08:57:23.343169,0.80400,Ready
2020-11-20 09:12:23.351117,0.79200,Ready
2020-11-20 09:27:23.325041,0.79200,Ready
2020-11-20 09:42:23.330987,0.79200,Ready
2020-11-20 10:12:23.894272,2.00000,Ready
2020-11-20 10:57:23.760003,1.00000,Ready
2020-11-20 11:12:23.900045,2.00000,Ready
2020-11-20 11:27:23.756886,4.00000,Ready
2020-11-20 11:42:23.909937,2.00000,Ready
2020-11-20 11:57:23.873854,2.00000,Ready
2020-11-20 12:12:23.893810,4.00000,Ready
2020-11-20 12:27:23.793681,4.00000,Ready
2020-11-20 12:42:23.902701,4.00000,Ready
2020-11-20 12:57:23.724517,4.00000,Ready
2020-11-20 13:12:23.781500,4.00000,Ready
2020-11-20 13:27:23.873507,4.00000,Ready
2020-11-20 14:28:44.854768,6.00000,Ready
2020-11-20 15:00:22.996327,6.00000,Ready
2020-11-20 15:27:23.754961,0.79400,Ready
2020-11-20 15:42:23.592788,0.81200,Ready
2020-11-20 15:57:23.605740,0.79300,Ready
2020-11-20 16:12:23.634703,0.79300,Ready
2020-11-20 16:27:23.369456,0.79200,Ready
2020-11-20 16:42:23.361393,0.79300,Ready
2020-11-20 16:57:23.371342,0.79600,Ready
2020-11-20 17:12:23.355274,0.79300,Ready
2020-11-20 17:27:23.368225,0.79300,Ready
2020-11-20 17:42:23.358160,0.79200,Ready
2020-11-20 17:57:23.368110,0.79300,Ready
2020-11-20 18:12:23.371054,0.79300,Ready
2020-11-20 18:27:23.362990,0.79300,Ready
2020-11-20 18:42:23.371939,0.79300,Ready
2020-11-20 18:57:23.378886,0.79200,Ready
2020-11-20 19:12:23.375826,1.00500,Regen
2020-11-20 19:27:23.386776,2.58300,Regen
2020-11-20 19:42:23.419742,3.16800,Regen
2020-11-20 19:57:23.384659,3.36000,Regen
2020-11-20 20:12:23.389605,3.24500,Regen
2020-11-20 20:27:23.385545,3.51400,Regen
2020-11-20 20:42:23.372478,3.73300,Regen
2020-11-20 20:57:23.385429,3.91900,Regen
2020-11-20 21:12:23.372362,4.06100,Regen
2020-11-20 21:27:23.383312,4.17600,Regen
2020-11-20 21:42:23.734504,4.27500,Regen
2020-11-20 21:57:23.689415,4.37300,Regen
2020-11-20 22:12:23.620308,4.46400,Regen
2020-11-20 22:27:23.603238,4.54500,Regen
2020-11-20 22:42:23.386026,4.61600,Regen
2020-11-20 22:57:23.395975,4.66200,Regen
2020-11-20 23:12:23.386911,4.60300,Regen
2020-11-20 23:27:23.391857,4.59600,Regen
2020-11-20 23:42:23.386795,4.59600,Regen
2020-11-20 23:57:23.391741,4.52600,Regen
2020-11-21 00:12:23.402691,4.38500,Regen
2020-11-21 00:27:23.392626,4.25900,Regen
2020-11-21 00:42:23.402576,4.14400,Regen
2020-11-21 00:57:23.393512,4.04100,Regen
2020-11-21 01:12:23.384447,3.94700,Regen
2020-11-21 01:27:23.393396,3.86200,Regen
2020-11-21 01:42:23.400343,3.78600,Regen
2020-11-21 01:57:23.391279,3.72000,Regen
2020-11-21 02:12:23.397226,3.66900,Regen
2020-11-21 02:27:23.411178,3.62800,Regen
2020-11-21 02:42:23.396110,3.59600,Regen
2020-11-21 02:57:23.409061,3.57200,Regen
2020-11-21 03:12:23.401998,3.54800,Regen
2020-11-21 03:27:23.407945,3.53300,Regen
2020-11-21 03:42:23.418895,3.51700,Regen
2020-11-21 03:57:23.405828,3.50600,Regen
2020-11-21 04:12:23.416778,3.25100,Regen
2020-11-21 04:27:23.410716,2.79300,Regen
2020-11-21 04:42:23.414661,2.32400,Regen
2020-11-21 04:57:23.405597,2.02700,Regen
2020-11-21 05:12:23.413545,1.31400,Regen
2020-11-21 05:27:23.422494,0.81500,Regen
2020-11-21 05:42:23.435123,0.79900,Regen
2020-11-21 05:57:23.423056,0.79500,Regen
2020-11-21 06:12:23.434007,0.79400,Regen
2020-11-21 06:27:23.420940,0.79300,Regen
2020-11-21 06:42:23.415878,0.79300,Regen
2020-11-21 06:57:23.421825,0.79200,Regen
2020-11-21 07:12:23.412761,0.79100,Ready
2020-11-21 07:27:23.420709,0.79200,Ready
2020-11-21 07:42:23.408642,0.79200,Ready
2020-11-21 07:57:23.419592,0.79100,Ready
2020-11-21 08:12:23.428541,0.79200,Ready
2020-11-21 08:27:23.419477,0.79100,Ready
2020-11-21 08:42:23.426424,0.79100,Ready
2020-11-21 08:57:23.447381,0.82500,Ready
2020-11-21 09:12:23.426309,0.79100,Ready
2020-11-21 09:27:23.442262,0.79200,Ready
2020-11-21 09:42:23.423191,0.79100,Ready
2020-11-21 09:57:23.432140,0.79100,Ready
2020-11-21 10:12:23.426078,0.79900,Ready
2020-11-21 10:27:23.436027,0.79100,Ready
2020-11-21 10:42:23.423961,0.79200,Ready
2020-11-21 10:57:23.433910,0.79100,Ready
2020-11-21 11:12:23.438856,0.79200,Ready
2020-11-21 11:27:23.432794,0.79300,Ready
2020-11-21 11:42:23.440742,0.79100,Ready
2020-11-21 11:57:23.446688,0.79200,Ready
2020-11-21 12:12:23.441627,0.79100,Ready
2020-11-21 12:27:23.431562,0.79200,Ready
2020-11-21 12:42:23.438509,0.79100,Ready
2020-11-21 12:57:23.430446,0.79200,Ready
2020-11-21 13:12:23.437393,0.79200,Ready
2020-11-21 13:27:23.445341,0.79100,Ready
2020-11-21 13:42:23.439279,0.79200,Ready
2020-11-21 13:57:23.444225,0.79100,Ready
2020-11-21 14:12:23.457176,0.79200,Ready
2020-11-21 14:27:23.446111,0.80300,Ready
2020-11-21 14:42:23.437047,0.79100,Ready
2020-11-21 14:57:23.443994,0.79200,Ready
2020-11-21 15:12:23.454944,0.79100,Ready
2020-11-21 15:27:23.446881,0.79200,Ready
2020-11-21 15:42:23.457831,0.80200,Ready
2020-11-21 15:57:23.462777,0.79200,Ready
2020-11-21 16:12:23.453712,0.79200,Ready
2020-11-21 16:27:23.463662,0.79100,Ready
2020-11-21 16:42:23.451596,0.79200,Ready
2020-11-21 16:57:23.460544,0.79400,Ready
2020-11-21 17:12:23.451480,0.79200,Ready
2020-11-21 17:27:23.458427,0.79200,Ready
2020-11-21 17:42:23.452366,0.79100,Ready
2020-11-21 17:57:23.456310,0.79200,Ready
2020-11-21 18:12:23.454251,0.79200,Ready
2020-11-21 18:27:23.476209,0.79200,Ready
2020-11-21 18:42:23.470147,0.79200,Ready
2020-11-21 18:57:23.475093,0.79200,Ready
2020-11-21 19:12:23.468030,0.96000,Regen
2020-11-21 19:27:23.457965,2.41300,Regen
2020-11-21 19:42:23.465914,3.15500,Regen
2020-11-21 19:57:23.472860,3.39900,Regen
2020-11-21 20:12:23.464797,3.22200,Regen
2020-11-21 20:27:23.475747,3.48300,Regen
2020-11-21 20:42:23.467684,3.70700,Regen
2020-11-21 20:57:23.475632,3.89500,Regen
2020-11-21 21:12:23.467568,4.03600,Regen
2020-11-21 21:27:23.476517,4.15500,Regen
2020-11-21 21:42:23.838717,4.25900,Regen
2020-11-21 21:57:23.807637,4.35000,Regen
2020-11-21 22:12:23.879630,4.43900,Regen
2020-11-21 22:27:23.769494,4.52000,Regen
2020-11-21 22:42:23.477229,4.59000,Regen
2020-11-21 22:57:23.489180,4.64900,Regen
2020-11-21 23:12:23.482117,4.59600,Regen
2020-11-21 23:27:23.471051,4.59600,Regen
2020-11-21 23:42:23.505018,4.59600,Regen
2020-11-21 23:57:23.490950,4.52000,Regen
2020-11-22 00:12:23.494895,4.38500,Regen
2020-11-22 00:27:23.487832,4.25300,Regen
2020-11-22 00:42:23.476767,4.14400,Regen
2020-11-22 00:57:23.487717,4.04100,Regen
2020-11-22 01:12:23.491662,3.95200,Regen
2020-11-22 01:27:23.487601,3.86700,Regen
2020-11-22 01:42:23.492547,3.79000,Regen
2020-11-22 01:57:23.488487,3.72000,Regen
2020-11-22 02:12:23.495434,3.66500,Regen
2020-11-22 02:27:23.501380,3.62000,Regen
2020-11-22 02:42:23.492317,3.58800,Regen
2020-11-22 02:57:23.502266,3.56000,Regen
2020-11-22 03:12:23.495203,3.53700,Regen
2020-11-22 03:27:23.503151,3.52100,Regen
2020-11-22 03:42:23.525529,3.50600,Regen
2020-11-22 03:57:23.500453,3.49100,Regen
2020-11-22 04:12:23.489388,3.22500,Regen
2020-11-22 04:27:23.501338,2.76900,Regen
2020-11-22 04:42:23.507285,2.30900,Regen
2020-11-22 04:57:23.497220,2.02000,Regen
2020-11-22 05:12:23.527184,1.28100,Regen
2020-11-22 05:27:23.501107,0.81400,Regen
2020-11-22 05:42:23.506053,0.79900,Regen
2020-11-22 05:57:23.500992,0.79500,Regen
2020-11-22 06:12:23.488926,0.79400,Regen
2020-11-22 06:27:23.496874,0.79300,Regen
2020-11-22 06:42:23.504822,0.79300,Regen
2020-11-22 06:57:23.516772,0.79200,Regen
2020-11-22 07:12:23.507708,0.79100,Ready
2020-11-22 07:27:23.497644,0.79200,Ready
2020-11-22 07:42:23.503590,0.81200,Ready
2020-11-22 07:57:23.508536,0.79100,Ready
2020-11-22 08:12:23.520487,0.79200,Ready
2020-11-22 08:27:23.513424,0.79100,Ready
2020-11-22 08:42:23.503359,0.79200,Ready
2020-11-22 08:57:23.512308,0.81200,Ready
2020-11-22 09:12:23.519255,0.79100,Ready
2020-11-22 09:27:23.526202,0.79200,Ready
2020-11-22 09:42:23.521141,0.79100,Ready
2020-11-22 09:57:23.526086,0.79100,Ready
2020-11-22 10:12:23.566057,0.79600,Ready
2020-11-22 10:27:23.508959,0.79100,Ready
2020-11-22 10:42:23.517908,0.79200,Ready
2020-11-22 10:57:23.552875,0.79100,Ready
2020-11-22 11:12:22.516081,0.79100,Ready
2020-11-22 11:27:22.525030,0.79200,Ready
2020-11-22 11:42:22.513964,0.79100,Ready
2020-11-22 11:57:22.522913,0.79200,Ready
2020-11-22 12:12:22.531861,0.79100,Ready
2020-11-22 12:27:22.527801,0.79200,Ready
2020-11-22 12:42:22.532747,0.79100,Ready
2020-11-22 12:57:22.523682,0.79100,Ready
2020-11-22 13:12:22.535633,0.79600,Ready
2020-11-22 13:27:22.540579,0.79100,Ready
2020-11-22 13:42:22.534517,0.79200,Ready
2020-11-22 13:57:22.538462,0.79100,Ready
2020-11-22 14:12:22.530399,0.79200,Ready
2020-11-22 14:27:22.523336,0.82100,Ready
2020-11-22 14:42:22.530283,0.79100,Ready
2020-11-22 14:57:22.538231,0.79200,Ready
2020-11-22 15:12:22.532169,0.79100,Ready
2020-11-22 15:27:22.536114,0.79200,Ready
2020-11-22 15:42:22.548065,0.79800,Ready
2020-11-22 15:57:22.535999,0.79200,Ready
2020-11-22 16:12:22.552953,0.79200,Ready
2020-11-22 16:27:22.540887,0.79100,Ready
2020-11-22 16:42:22.542830,0.79200,Ready
2020-11-22 16:57:22.580800,0.79300,Ready
2020-11-22 17:12:22.575738,0.79200,Ready
2020-11-22 17:27:22.551664,0.79200,Ready
2020-11-22 17:42:22.544601,0.79100,Ready
2020-11-22 17:57:22.549547,0.79200,Ready
2020-11-22 18:12:22.544485,0.79100,Ready
2020-11-22 18:27:22.549431,0.79200,Ready
2020-11-22 18:42:22.542369,0.79200,Ready
2020-11-22 18:57:22.552318,0.79200,Ready
2020-11-22 19:12:22.574276,0.96700,Regen
2020-11-22 19:27:22.550201,2.44000,Regen
2020-11-22 19:42:22.558149,3.15500,Regen
2020-11-22 19:57:22.571100,3.39200,Regen
2020-11-22 20:12:22.579048,3.21500,Regen
2020-11-22 20:27:22.566982,3.47200,Regen
2020-11-22 20:42:22.559919,3.69500,Regen
2020-11-22 20:57:22.547853,3.88100,Regen
2020-11-22 21:12:22.558803,4.02600,Regen
2020-11-22 21:27:22.564750,4.14400,Regen
2020-11-22 21:42:22.870910,4.24200,Regen
2020-11-22 21:57:22.861846,4.33800,Regen
2020-11-22 22:12:22.839773,4.42700,Regen
2020-11-22 22:27:22.820701,4.50100,Regen
2020-11-22 22:42:22.572467,4.57700,Regen
2020-11-22 22:57:22.563402,4.63600,Regen
2020-11-22 23:12:22.571351,4.59600,Regen
2020-11-22 23:27:22.565288,4.59600,Regen
2020-11-22 23:42:22.570234,4.59600,Regen
2020-11-22 23:57:22.564172,4.46400,Regen
2020-11-23 00:12:22.572120,4.33300,Regen
2020-11-23 00:27:22.576065,4.20900,Regen
2020-11-23 00:42:22.574006,4.10800,Regen
2020-11-23 00:57:22.579953,4.00100,Regen
2020-11-23 01:12:22.588901,3.91400,Regen
2020-11-23 01:27:22.578837,3.83000,Regen
2020-11-23 01:42:22.570773,3.75900,Regen
2020-11-23 01:57:22.580722,3.69500,Regen
2020-11-23 02:12:22.585668,3.64500,Regen
2020-11-23 02:27:22.580607,3.60800,Regen
2020-11-23 02:42:22.586553,3.57200,Regen
2020-11-23 02:57:22.598504,3.54800,Regen
2020-11-23 03:12:22.586438,3.52900,Regen
2020-11-23 03:27:22.594386,3.51400,Regen
2020-11-23 03:42:22.584321,3.49800,Regen
2020-11-23 03:57:22.578259,3.48300,Regen
2020-11-23 04:12:22.583205,3.24100,Regen
2020-11-23 04:27:22.591153,2.76100,Regen
2020-11-23 04:42:22.586091,2.30300,Regen
2020-11-23 04:57:22.590037,2.01600,Regen
2020-11-23 05:12:22.598985,1.26000,Regen
2020-11-23 05:27:22.593924,0.81400,Regen
2020-11-23 05:42:22.599870,0.79900,Regen
2020-11-23 05:57:22.593808,0.79500,Regen
2020-11-23 06:12:22.598754,0.79400,Regen
2020-11-23 06:27:22.607703,0.79300,Regen
2020-11-23 06:42:22.597638,0.79300,Regen
2020-11-23 06:57:22.605586,0.79200,Regen
2020-11-23 07:12:22.598523,0.79100,Ready
2020-11-23 07:27:22.608473,0.79200,Ready
2020-11-23 07:42:22.635434,0.80400,Ready
2020-11-23 07:57:22.604354,0.79100,Ready
2020-11-23 08:12:22.595290,0.79100,Ready
2020-11-23 08:27:22.603238,0.79100,Ready
2020-11-23 08:42:22.610186,0.79100,Ready
2020-11-23 08:57:22.609127,0.80400,Ready
2020-11-23 09:12:22.595059,0.79100,Ready
2020-11-23 09:27:22.601006,0.79100,Ready
2020-11-23 09:42:22.653986,0.79100,Ready
2020-11-23 09:57:22.618903,0.79100,Ready
2020-11-23 10:12:22.609839,0.79400,Ready
2020-11-23 10:27:22.617787,0.79100,Ready
2020-11-23 10:42:22.613726,0.79100,Ready
2020-11-23 10:57:22.619673,0.79100,Ready
2020-11-23 11:12:22.610609,0.79100,Ready
2020-11-23 11:27:22.618557,0.79100,Ready
2020-11-23 11:42:22.610493,0.79100,Ready
2020-11-23 11:57:22.619442,0.79100,Ready
2020-11-23 12:12:22.610378,0.79100,Ready
2020-11-23 12:27:22.618326,0.79100,Ready
2020-11-23 12:42:22.608261,0.79100,Ready
2020-11-23 12:57:22.621212,0.79100,Ready
2020-11-23 13:12:22.609146,0.80900,Ready
2020-11-23 13:27:22.615092,0.79100,Ready
2020-11-23 13:42:22.623040,0.79100,Ready
2020-11-23 13:57:22.611975,0.79100,Ready
2020-11-23 14:12:22.625927,0.79100,Ready
2020-11-23 14:27:22.616863,0.80800,Ready
2020-11-23 14:42:22.623810,0.79100,Ready
2020-11-23 14:57:22.614746,0.79200,Ready
2020-11-23 15:12:22.621693,0.79100,Ready
2020-11-23 15:27:22.630642,0.79200,Ready
2020-11-23 15:42:22.625581,0.81800,Ready
2020-11-23 15:57:22.633529,0.79200,Ready
2020-11-23 16:12:22.624464,0.79200,Ready
2020-11-23 16:27:22.632412,0.79100,Ready
2020-11-23 16:42:22.620346,0.79200,Ready
2020-11-23 16:57:22.645306,0.79200,Ready
2020-11-23 17:12:22.637243,0.79200,Ready
2020-11-23 17:27:22.645191,0.79200,Ready
2020-11-23 17:42:22.651137,0.79100,Ready
2020-11-23 17:57:22.648077,0.79200,Ready
2020-11-23 18:12:22.639013,0.79100,Ready
2020-11-23 18:27:22.643959,0.79200,Ready
2020-11-23 18:42:22.635896,0.80000,Ready
2020-11-23 18:57:22.643843,0.79200,Ready
2020-11-23 19:12:22.636781,0.91500,Regen
2020-11-23 19:27:22.644729,2.47100,Regen
2020-11-23 19:42:22.653677,3.14600,Regen
2020-11-23 19:57:22.642612,3.39500,Regen
2020-11-23 20:12:22.650560,3.21500,Regen
2020-11-23 20:27:22.663511,3.47200,Regen
2020-11-23 20:42:22.651445,3.69500,Regen
2020-11-23 20:57:22.646384,3.86700,Regen
2020-11-23 21:12:22.652330,4.02600,Regen
2020-11-23 21:27:22.677290,4.13400,Regen
2020-11-23 21:42:23.029483,4.24200,Regen
2020-11-23 21:57:22.983393,4.33800,Regen
2020-11-23 22:12:22.926295,4.42700,Regen
2020-11-23 22:27:22.938245,4.50100,Regen
2020-11-23 22:42:22.664993,4.56400,Regen
2020-11-23 22:57:22.659931,4.62900,Regen
2020-11-23 23:12:22.667880,4.59600,Regen
2020-11-23 23:27:22.673826,4.59600,Regen
2020-11-23 23:42:22.666763,4.59600,Regen
2020-11-23 23:57:22.659701,4.47000,Regen
2020-11-24 00:12:22.668649,4.33300,Regen
2020-11-24 00:27:22.673595,4.20900,Regen
2020-11-24 00:42:22.666532,4.10200,Regen
2020-11-24 00:57:22.675481,4.01100,Regen
2020-11-24 01:12:22.663415,3.91400,Regen
2020-11-24 01:27:22.674365,3.83900,Regen
2020-11-24 01:42:22.666301,3.75900,Regen
2020-11-24 01:57:22.674249,3.69500,Regen
2020-11-24 02:12:22.681197,3.64900,Regen
2020-11-24 02:27:22.671132,3.60800,Regen
2020-11-24 02:42:22.666070,3.57600,Regen
2020-11-24 02:57:22.674018,3.55200,Regen
2020-11-24 03:12:22.682967,3.52900,Regen
2020-11-24 03:27:22.683910,3.51400,Regen
2020-11-24 03:42:22.680850,3.50200,Regen
2020-11-24 03:57:22.666782,3.48700,Regen
2020-11-24 04:12:22.678733,3.20900,Regen
2020-11-24 04:27:22.686681,2.78300,Regen
2020-11-24 04:42:22.679618,2.29900,Regen
2020-11-24 04:57:22.683564,2.03600,Regen
2020-11-24 05:12:22.677502,1.25600,Regen
2020-11-24 05:27:22.710467,0.81400,Regen
2020-11-24 05:42:22.680388,0.79900,Regen
2020-11-24 05:57:22.685335,0.79500,Regen
2020-11-24 06:12:22.678271,0.79400,Regen
2020-11-24 06:27:22.682217,0.79300,Regen
2020-11-24 06:42:22.690164,0.79300,Regen
2020-11-24 06:57:22.704117,0.79200,Regen
2020-11-24 07:12:22.674037,0.79300,Ready
2020-11-24 07:27:22.680985,0.79200,Ready
2020-11-24 07:42:22.690934,0.82300,Ready
2020-11-24 07:57:22.696881,0.79100,Ready
2020-11-24 08:12:22.690819,0.79100,Ready
2020-11-24 08:27:22.679753,0.79100,Ready
2020-11-24 08:42:22.688702,0.79100,Ready
2020-11-24 08:57:22.696650,0.79100,Ready
2020-11-24 09:12:22.692589,0.79100,Ready
2020-11-24 09:27:22.696534,0.79100,Ready
2020-11-24 09:42:22.704482,0.79100,Ready
2020-11-24 09:57:22.754460,0.79100,Ready
2020-11-24 10:12:22.705367,0.80600,Ready
2020-11-24 10:27:22.697304,0.79100,Ready
2020-11-24 10:42:22.717260,0.79100,Ready
2020-11-24 10:57:22.693186,0.79100,Ready
2020-11-24 11:12:22.703135,0.79100,Ready
2020-11-24 11:27:22.695071,0.79100,Ready
2020-11-24 11:42:22.720031,0.79100,Ready
2020-11-24 11:57:22.710967,0.79100,Ready
2020-11-24 12:12:22.699902,0.79100,Ready
2020-11-24 12:27:22.751881,0.79100,Ready
2020-11-24 12:42:22.700787,0.79100,Ready
2020-11-24 12:57:22.712738,0.79100,Ready
2020-11-24 13:12:22.700672,0.80200,Ready
2020-11-24 13:27:22.708619,0.79100,Ready
2020-11-24 13:42:22.717568,0.79100,Ready
2020-11-24 13:57:22.708504,0.79100,Ready
2020-11-24 14:12:22.715451,0.79100,Ready
2020-11-24 14:27:22.730404,0.80200,Ready
2020-11-24 14:42:22.716336,0.79100,Ready
2020-11-24 14:57:22.726286,0.79200,Ready
2020-11-24 15:12:22.717222,0.79100,Ready
2020-11-24 15:27:22.723168,0.79100,Ready
2020-11-24 15:42:22.729115,0.79400,Ready
2020-11-24 15:57:22.723053,0.79100,Ready
2020-11-24 16:12:22.736004,0.79200,Ready
2020-11-24 16:27:22.755961,0.79100,Ready
2020-11-24 16:42:22.716875,0.79200,Ready
2020-11-24 16:57:22.724823,0.79100,Ready
2020-11-24 17:12:22.712757,0.79200,Ready
2020-11-24 17:27:22.722707,0.79200,Ready
2020-11-24 17:42:22.728653,0.79100,Ready
2020-11-24 17:57:22.720589,0.79200,Ready
2020-11-24 18:12:22.727537,0.79400,Ready
2020-11-24 18:27:22.738487,0.79200,Ready
2020-11-24 18:42:22.728422,0.79200,Ready
2020-11-24 18:57:22.721359,0.79100,Ready
2020-11-24 19:12:22.731308,0.98000,Regen
2020-11-24 19:27:22.739256,2.30700,Regen
2020-11-24 19:42:22.729192,3.15500,Regen
2020-11-24 19:57:22.736139,3.37700,Regen
2020-11-24 20:12:22.747089,3.21200,Regen
2020-11-24 20:27:22.735023,3.45300,Regen
2020-11-24 20:42:22.743971,3.67800,Regen
2020-11-24 20:57:22.736908,3.88100,Regen
2020-11-24 21:12:22.744856,4.01600,Regen
2020-11-24 21:27:22.740796,4.13900,Regen
2020-11-24 21:42:23.074976,4.23600,Regen
2020-11-24 21:57:23.083924,4.33800,Regen
2020-11-24 22:12:23.050843,4.41500,Regen
2020-11-24 22:27:22.970729,4.50100,Regen
2020-11-24 22:42:22.761522,4.57100,Regen
2020-11-24 22:57:22.750456,4.62300,Regen
2020-11-24 23:12:22.743394,4.59600,Regen
2020-11-24 23:27:22.752342,4.59600,Regen
2020-11-24 23:42:22.744279,4.59600,Regen
2020-11-24 23:57:22.750225,4.47600,Regen
2020-11-25 00:12:22.744163,4.33800,Regen
2020-11-25 00:27:22.750110,4.21400,Regen
2020-11-25 00:42:22.761060,4.10800,Regen
2020-11-25 00:57:22.766006,4.00600,Regen
2020-11-25 01:12:22.760945,3.91900,Regen
2020-11-25 01:27:22.763889,3.83000,Regen
2020-11-25 01:42:22.759828,3.75900,Regen
2020-11-25 01:57:22.749764,3.69500,Regen
2020-11-25 02:12:22.758712,3.64900,Regen
2020-11-25 02:27:22.764659,3.60800,Regen
2020-11-25 02:42:22.759597,3.57200,Regen
2020-11-25 02:57:22.767545,3.54800,Regen
2020-11-25 03:12:22.755479,3.52900,Regen
2020-11-25 03:27:22.766429,3.51400,Regen
2020-11-25 03:42:22.771375,3.49500,Regen
2020-11-25 03:57:22.764312,3.48300,Regen
2020-11-25 04:12:22.774262,3.19900,Regen
2020-11-25 04:27:22.778207,2.74300,Regen
2020-11-25 04:42:22.772145,2.32100,Regen
2020-11-25 04:57:22.813116,2.01000,Regen
2020-11-25 05:12:22.813058,1.33800,Regen
2020-11-25 05:27:22.762965,0.81300,Regen
2020-11-25 05:42:22.768912,0.79900,Regen
2020-11-25 05:57:22.782864,0.79500,Regen
2020-11-25 06:12:22.771798,0.79400,Regen
2020-11-25 06:27:22.775743,0.79300,Regen
2020-11-25 06:42:22.768681,0.79300,Regen
2020-11-25 06:57:22.778630,0.79200,Regen
2020-11-25 07:12:22.786578,0.79100,Ready
2020-11-25 07:27:22.777514,0.79200,Ready
2020-11-25 07:42:22.785462,0.81300,Ready
2020-11-25 07:57:22.777398,0.79100,Ready
2020-11-25 08:12:22.781343,0.79100,Ready
2020-11-25 08:27:22.773280,0.79100,Ready
2020-11-25 08:42:22.782229,0.79100,Ready
2020-11-25 08:57:22.790177,0.79500,Ready
2020-11-25 09:12:22.784115,0.79100,Ready
2020-11-25 09:27:22.793063,0.79100,Ready
2020-11-25 09:42:22.780997,0.79100,Ready
2020-11-25 09:57:22.790946,0.79100,Ready
2020-11-25 10:12:22.786886,0.79100,Ready
2020-11-25 10:27:22.792832,0.79100,Ready
2020-11-25 10:42:22.798779,0.79100,Ready
2020-11-25 10:57:22.789715,0.79100,Ready
2020-11-25 11:12:22.796662,0.79100,Ready
2020-11-25 11:27:22.803795,0.79100,Ready
2020-11-25 11:42:22.798734,0.79100,Ready
2020-11-25 11:57:22.804680,0.79500,Ready
2020-11-25 12:12:22.802621,0.79100,Ready
2020-11-25 12:27:22.784551,0.79100,Ready
2020-11-25 12:42:22.792499,0.79100,Ready
2020-11-25 12:57:22.800447,0.79100,Ready
2020-11-25 13:12:22.793384,0.82200,Ready
2020-11-25 13:27:22.798330,0.79100,Ready
2020-11-25 13:42:22.810280,0.79100,Ready
2020-11-25 13:57:22.798214,0.79100,Ready
2020-11-25 14:12:22.840186,0.79100,Ready
2020-11-25 14:27:22.803102,0.79800,Ready
2020-11-25 14:42:22.809049,0.79100,Ready
2020-11-25 14:57:22.804988,0.79100,Ready
2020-11-25 15:12:22.794923,0.79100,Ready
2020-11-25 15:27:22.829890,0.79100,Ready
2020-11-25 15:42:22.806816,0.82000,Ready
2020-11-25 15:57:22.796752,0.79100,Ready
2020-11-25 16:12:22.808702,0.79200,Ready
2020-11-25 16:27:22.816650,0.79100,Ready
2020-11-25 16:42:22.805585,0.79200,Ready
2020-11-25 16:57:22.812532,0.79100,Ready
2020-11-25 17:12:22.836491,0.79100,Ready
2020-11-25 17:27:22.813417,0.79200,Ready
2020-11-25 17:42:22.823367,0.79100,Ready
2020-11-25 17:57:22.830314,0.79200,Ready
2020-11-25 18:12:22.822251,0.79100,Ready
2020-11-25 18:27:22.814187,0.79200,Ready
2020-11-25 18:42:22.825137,0.80400,Ready
2020-11-25 18:57:22.815072,0.79100,Ready
2020-11-25 19:12:22.821019,0.91000,Regen
2020-11-25 19:27:22.829967,2.45500,Regen
2020-11-25 19:42:22.835914,3.14300,Regen
2020-11-25 19:57:22.829852,3.38800,Regen
2020-11-25 20:12:22.852810,3.20600,Regen
2020-11-25 20:27:22.832738,3.46500,Regen
2020-11-25 20:42:22.825676,3.68600,Regen
2020-11-25 20:57:22.847634,3.86200,Regen
2020-11-25 21:12:22.837569,4.02100,Regen
2020-11-25 21:27:22.845517,4.12800,Regen
2020-11-25 21:42:23.198710,4.23600,Regen
2020-11-25 21:57:23.229674,4.32700,Regen
2020-11-25 22:12:23.210603,4.41500,Regen
2020-11-25 22:27:23.143499,4.49500,Regen
2020-11-25 22:42:22.839224,4.56400,Regen
2020-11-25 22:57:22.842168,4.61600,Regen
2020-11-25 23:12:22.849115,4.59600,Regen
2020-11-25 23:27:22.845055,4.59600,Regen
2020-11-25 23:42:22.832989,4.59600,Regen
2020-11-25 23:57:22.844939,4.46400,Regen
2020-11-26 00:12:22.849886,4.33300,Regen
2020-11-26 00:27:22.844824,4.20900,Regen
2020-11-26 00:42:22.850770,4.09700,Regen
2020-11-26 00:57:22.840706,4.00600,Regen
2020-11-26 01:12:22.848653,3.90900,Regen
2020-11-26 01:27:22.858603,3.83500,Regen
2020-11-26 01:42:22.850539,3.75500,Regen
2020-11-26 01:57:22.857487,3.69000,Regen
2020-11-26 02:12:22.849423,3.64100,Regen
2020-11-26 02:27:22.856370,3.60000,Regen
2020-11-26 02:42:22.848307,3.57200,Regen
2020-11-26 02:57:22.854253,3.54500,Regen
2020-11-26 03:12:22.864203,3.52500,Regen
2020-11-26 03:27:22.856140,3.50600,Regen
2020-11-26 03:42:22.851078,3.49500,Regen
2020-11-26 03:57:22.873036,3.48000,Regen
2020-11-26 04:12:22.862971,3.20300,Regen
2020-11-26 04:27:22.855908,2.77600,Regen
2020-11-26 04:42:22.862856,2.29600,Regen
2020-11-26 04:57:22.880811,2.03500,Regen
2020-11-26 05:12:22.861739,1.24700,Regen
2020-11-26 05:27:22.870688,0.81400,Regen
2020-11-26 05:42:22.863625,0.79800,Regen
2020-11-26 05:57:22.869572,0.79500,Regen
2020-11-26 06:12:22.877520,0.79300,Regen
2020-11-26 06:27:22.871458,0.79300,Regen
2020-11-26 06:42:22.861393,0.79200,Regen
2020-11-26 06:57:22.882350,0.79200,Regen
2020-11-26 07:12:22.862278,0.79300,Ready
2020-11-26 07:27:22.869225,0.79200,Ready
2020-11-26 07:42:22.877173,0.81800,Ready
2020-11-26 07:57:22.866108,0.79100,Ready
2020-11-26 08:12:22.878059,0.79100,Ready
2020-11-26 08:27:22.884005,0.79100,Ready
2020-11-26 08:42:22.874941,0.79100,Ready
2020-11-26 08:57:22.885891,0.79100,Ready
2020-11-26 09:12:22.877828,0.79100,Ready
2020-11-26 09:27:22.883774,0.79100,Ready
2020-11-26 09:42:22.872709,0.79100,Ready
2020-11-26 09:57:22.885660,0.79100,Ready
2020-11-26 10:12:22.891607,0.80300,Ready
2020-11-26 10:27:22.881542,0.79100,Ready
2020-11-26 10:42:22.908503,0.79100,Ready
2020-11-26 10:57:22.915451,0.79100,Ready
2020-11-26 11:12:22.891376,0.79100,Ready
2020-11-26 11:27:22.884313,0.79100,Ready
2020-11-26 11:42:22.890259,0.79100,Ready
2020-11-26 11:57:22.944240,0.79100,Ready
2020-11-26 12:12:22.887142,0.79100,Ready
2020-11-26 12:27:22.898092,0.79100,Ready
2020-11-26 12:42:22.939063,0.79100,Ready
2020-11-26 12:57:22.896976,0.79100,Ready
2020-11-26 13:12:22.905924,0.80300,Ready
2020-11-26 13:27:22.881850,0.79100,Ready
2020-11-26 13:42:22.886795,0.79100,Ready
2020-11-26 13:57:22.897745,0.79100,Ready
2020-11-26 14:12:22.887681,0.79100,Ready
2020-11-26 14:27:22.894628,0.80400,Ready
2020-11-26 14:42:22.889567,0.79100,Ready
2020-11-26 14:57:22.937543,0.79100,Ready
2020-11-26 15:12:22.890452,0.79100,Ready
2020-11-26 15:27:22.892395,0.79100,Ready
2020-11-26 15:42:22.902345,0.79400,Ready
2020-11-26 15:57:22.895282,0.79100,Ready
2020-11-26 16:12:22.903230,0.79200,Ready
2020-11-26 16:27:22.911178,0.79100,Ready
2020-11-26 16:42:22.903115,0.79200,Ready
2020-11-26 16:57:22.908060,0.79100,Ready
2020-11-26 17:12:22.918010,0.79100,Ready
2020-11-26 17:27:22.910947,0.79200,Ready
2020-11-26 17:42:22.900882,0.79100,Ready
2020-11-26 17:57:22.909831,0.79200,Ready
2020-11-26 18:12:22.901767,0.79500,Ready
2020-11-26 18:27:22.926727,0.79200,Ready
2020-11-26 18:42:22.915662,0.79200,Ready
2020-11-26 18:57:22.908599,0.79200,Ready
2020-11-26 19:12:22.918548,0.97800,Regen
2020-11-26 19:27:22.909484,2.28600,Regen
2020-11-26 19:42:22.915431,3.15500,Regen
2020-11-26 19:57:22.930384,3.37400,Regen
2020-11-26 20:12:22.914315,3.20600,Regen
2020-11-26 20:27:22.964292,3.44600,Regen
2020-11-26 20:42:22.913198,3.68600,Regen
2020-11-26 20:57:22.923148,3.87200,Regen
2020-11-26 21:12:22.932097,4.00600,Regen
2020-11-26 21:27:22.963061,4.13400,Regen
2020-11-26 21:42:23.278228,4.22500,Regen
2020-11-26 21:57:23.328206,4.32700,Regen
2020-11-26 22:12:23.211064,4.40900,Regen
2020-11-26 22:27:23.202000,4.48900,Regen
2020-11-26 22:42:22.928748,4.55800,Regen
2020-11-27 11:12:23.447231,0.79100,Ready
2020-11-27 11:27:23.385129,0.79100,Ready
2020-11-27 11:42:23.206945,0.79100,Ready
2020-11-27 11:57:23.219896,0.79100,Ready
2020-11-27 12:12:22.963656,0.79100,Ready
2020-11-27 12:27:22.974606,0.79100,Ready
2020-11-27 12:42:22.985557,0.79100,Ready
2020-11-27 12:57:22.971489,0.79100,Ready
2020-11-27 13:12:22.984440,0.82600,Ready
2020-11-27 13:27:22.971373,0.79100,Ready
2020-11-27 13:42:22.982323,0.79200,Ready
2020-11-27 13:57:22.991272,0.79100,Ready
2020-11-27 14:12:22.980207,0.79100,Ready
2020-11-27 14:27:22.991157,0.79900,Ready
2020-11-27 14:42:22.994101,0.79100,Ready
2020-11-27 14:57:22.988039,0.79200,Ready
2020-11-27 15:12:22.994986,0.79100,Ready
2020-11-27 15:27:22.986923,0.79200,Ready
2020-11-27 15:42:22.994871,0.80200,Ready
2020-11-27 15:57:23.005821,0.79100,Ready
2020-11-27 16:12:22.994755,0.79200,Ready
2020-11-27 16:27:23.004705,0.79100,Ready
2020-11-27 16:42:22.992638,0.79200,Ready
2020-11-27 16:57:23.052623,0.80200,Ready
2020-11-27 17:12:22.999528,0.79200,Ready
2020-11-27 17:27:23.000471,0.79200,Ready
2020-11-27 17:42:22.996410,0.79100,Ready
2020-11-27 17:57:23.002357,0.79200,Ready
2020-11-27 18:12:22.997295,0.79300,Ready
2020-11-27 18:27:23.002241,0.79200,Ready
2020-11-27 18:42:22.997180,0.79200,Ready
2020-11-27 18:57:23.016136,0.79200,Ready
2020-11-27 19:12:23.036092,0.93500,Regen
2020-11-27 19:27:23.017021,2.51700,Regen
2020-11-27 19:42:23.009958,3.14900,Regen
2020-11-27 19:57:23.017906,3.37700,Regen
2020-11-27 20:12:23.011844,3.21200,Regen
2020-11-27 20:27:23.015789,3.45000,Regen
2020-11-27 20:42:23.010728,3.68600,Regen
2020-11-27 20:57:23.018676,3.86200,Regen
2020-11-27 21:12:23.008611,4.01600,Regen
2020-11-27 21:27:23.024565,4.12800,Regen
2020-11-27 21:42:23.335729,4.22500,Regen
2020-11-27 21:57:23.248609,4.32700,Regen
2020-11-27 22:12:23.262561,4.40900,Regen
2020-11-27 22:27:23.228479,4.48900,Regen
2020-11-27 22:42:23.021274,4.55100,Regen
2020-11-27 22:57:23.029222,4.61600,Regen
2020-11-27 23:12:23.021158,4.59600,Regen
2020-11-27 23:27:23.032108,4.59600,Regen
2020-11-27 23:42:23.021043,4.59600,Regen
2020-11-27 23:57:23.030992,4.47000,Regen
2020-11-28 00:12:23.021928,4.33300,Regen
2020-11-28 00:27:23.016867,4.21400,Regen
2020-11-28 00:42:23.018810,4.09700,Regen
2020-11-28 00:57:23.031762,4.00600,Regen
2020-11-28 01:12:23.021697,3.91900,Regen
2020-11-28 01:27:23.029645,3.83500,Regen
2020-11-28 01:42:23.038594,3.75900,Regen
2020-11-28 01:57:23.028529,3.69500,Regen
2020-11-28 02:12:23.037477,3.64900,Regen
2020-11-28 02:27:23.031415,3.60800,Regen
2020-11-28 02:42:23.056375,3.57600,Regen
2020-11-28 02:57:23.045310,3.54800,Regen
2020-11-28 03:12:23.037246,3.52900,Regen
2020-11-28 03:27:23.044194,3.51400,Regen
2020-11-28 03:42:23.037131,3.49800,Regen
2020-11-28 03:57:23.044078,3.48300,Regen
2020-11-28 04:12:23.057319,3.19900,Regen
2020-11-28 04:27:23.048255,2.77300,Regen
2020-11-28 04:42:23.034187,2.29400,Regen
2020-11-28 04:57:23.042135,2.03200,Regen
2020-11-28 05:12:23.035073,1.34800,Regen
2020-11-28 05:27:23.048024,0.81600,Regen
2020-11-28 05:42:23.076987,0.79900,Regen
2020-11-28 05:57:23.040904,0.79500,Regen
2020-11-28 06:12:23.048852,0.79400,Regen
2020-11-28 06:27:23.060802,0.79300,Regen
2020-11-28 06:42:23.049737,0.79300,Regen
2020-11-28 06:57:23.055683,0.79200,Regen
2020-11-28 07:12:23.050622,0.79200,Ready
2020-11-28 07:27:23.055568,0.79200,Ready
2020-11-28 07:42:23.046504,0.80600,Ready
2020-11-28 07:57:23.056453,0.79100,Ready
2020-11-28 08:12:23.048390,0.79100,Ready
2020-11-28 08:27:23.055337,0.79100,Ready
2020-11-28 08:42:23.048274,0.79100,Ready
2020-11-28 08:57:23.055222,0.80900,Ready
2020-11-28 09:12:23.065171,0.79100,Ready
2020-11-28 09:27:23.097136,0.79100,Ready
2020-11-28 09:42:23.061052,0.79100,Ready
2020-11-28 09:57:23.089015,0.79100,Ready
2020-11-28 10:12:23.062938,0.81000,Ready
2020-11-28 10:27:23.068885,0.79100,Ready
2020-11-28 10:42:23.059821,0.79100,Ready
2020-11-28 10:57:23.069770,0.79100,Ready
2020-11-28 11:12:23.102736,0.79100,Ready
2020-11-28 11:27:23.073658,0.79500,Ready
2020-11-28 11:42:23.060590,0.79100,Ready
2020-11-28 11:57:23.071540,0.79100,Ready
2020-11-28 12:12:23.059474,0.79100,Ready
2020-11-28 12:27:23.068423,0.79100,Ready
2020-11-28 12:42:23.076371,0.79200,Ready
2020-11-28 12:57:23.068308,0.79100,Ready
2020-11-28 13:12:23.075255,0.79200,Ready
2020-11-28 13:27:23.084203,0.79100,Ready
2020-11-28 13:42:23.074139,0.79200,Ready
2020-11-28 13:57:23.082086,0.79100,Ready
2020-11-28 14:12:23.074023,0.79100,Ready
2020-11-28 14:27:23.085974,0.80300,Ready
2020-11-28 14:42:23.072907,0.79100,Ready
2020-11-28 14:57:23.082857,0.79200,Ready
2020-11-28 15:12:23.077795,0.79100,Ready
2020-11-28 15:27:23.063727,0.79200,Ready
2020-11-28 15:42:23.071675,0.79200,Ready
2020-11-28 15:57:23.080624,0.79100,Ready
2020-11-28 16:12:23.088572,0.79200,Ready
2020-11-28 16:27:23.082510,0.79100,Ready
2020-11-28 16:42:23.088456,0.79200,Ready
2020-11-28 16:57:23.083395,0.79700,Ready
2020-11-28 17:12:23.090342,0.79200,Ready
2020-11-28 17:27:23.102293,0.79200,Ready
2020-11-28 17:42:23.090227,0.79100,Ready
2020-11-28 17:57:23.097174,0.79200,Ready
2020-11-28 18:12:23.092113,0.79300,Ready
2020-11-28 18:27:23.113070,0.79200,Ready
2020-11-28 18:42:23.088995,0.79200,Ready
2020-11-28 18:57:23.096943,0.79200,Ready
2020-11-28 19:12:23.103890,0.98800,Regen
2020-11-28 19:27:23.096827,2.34700,Regen
2020-11-28 19:42:23.139800,3.15200,Regen
2020-11-28 19:57:23.094711,3.38100,Regen
2020-11-28 20:12:23.105661,3.20600,Regen
2020-11-28 20:27:23.108605,3.45300,Regen
2020-11-28 20:42:23.105545,3.67800,Regen
2020-11-28 20:57:23.109490,3.88100,Regen
2020-11-28 21:12:23.102428,4.01100,Regen
2020-11-28 21:27:23.110375,4.13900,Regen
2020-11-28 21:42:23.501596,4.23100,Regen
2020-11-28 21:57:23.525555,4.32700,Regen
2020-11-28 22:12:23.452446,4.41500,Regen
2020-11-28 22:27:23.377334,4.48900,Regen
2020-11-28 22:42:23.118092,4.55800,Regen
2020-11-28 22:57:23.109028,4.61600,Regen
2020-11-28 23:12:23.098963,4.59600,Regen
2020-11-28 23:27:23.107912,4.59600,Regen
2020-11-28 23:42:23.114859,4.59600,Regen
2020-11-28 23:57:23.109798,4.47600,Regen
2020-11-29 00:12:23.113743,4.34400,Regen
2020-11-29 00:27:23.121691,4.21400,Regen
2020-11-29 00:42:23.115629,4.10800,Regen
2020-11-29 00:57:23.127580,4.00100,Regen
2020-11-29 01:12:23.112511,3.91900,Regen
2020-11-29 01:27:23.124462,3.83900,Regen
2020-11-29 01:42:23.131409,3.76300,Regen
2020-11-29 01:57:23.122345,3.70300,Regen
2020-11-29 02:12:23.129293,3.65300,Regen
2020-11-29 02:27:23.122230,3.61200,Regen
2020-11-29 02:42:23.130178,3.57600,Regen
2020-11-29 02:57:23.149133,3.55200,Regen
2020-11-29 03:12:23.130063,3.53300,Regen
2020-11-29 03:27:23.138010,3.51400,Regen
2020-11-29 03:42:23.163971,3.49800,Regen
2020-11-29 03:57:23.134893,3.48700,Regen
2020-11-29 04:12:23.129831,3.22200,Regen
2020-11-29 04:27:23.135778,2.76900,Regen
2020-11-29 04:42:23.135098,2.31900,Regen
2020-11-29 04:57:23.139044,2.00900,Regen
2020-11-29 05:12:23.144990,1.33600,Regen
2020-11-29 05:27:23.139929,0.81600,Regen
2020-11-29 05:42:23.144875,0.79900,Regen
2020-11-29 05:57:23.135810,0.79500,Regen
2020-11-29 06:12:23.143758,0.79400,Regen
2020-11-29 06:27:23.152707,0.79300,Regen
2020-11-29 06:42:23.140641,0.79300,Regen
2020-11-29 06:57:23.135579,0.79200,Regen
2020-11-29 07:12:23.142527,0.79200,Ready
2020-11-29 07:27:23.135464,0.79200,Ready
2020-11-29 07:42:23.143412,0.79200,Ready
2020-11-29 07:57:23.186385,0.79100,Ready
2020-11-29 08:12:23.138293,0.79200,Ready
2020-11-29 08:27:23.169257,0.79100,Ready
2020-11-29 08:42:23.140179,0.79100,Ready
2020-11-29 08:57:23.148127,0.80200,Ready
2020-11-29 09:12:23.142065,0.79100,Ready
2020-11-29 09:27:23.145009,0.79100,Ready
2020-11-30 10:30:49.739908,0.79100,Ready
2020-11-30 10:42:23.553471,0.79100,Ready
2020-11-30 10:57:23.610453,0.79100,Ready
2020-11-30 11:12:23.556357,0.79100,Ready
2020-11-30 11:27:23.499260,0.79200,Ready
2020-11-30 11:42:23.252026,0.79100,Ready
2020-11-30 11:57:23.252969,0.79100,Ready
2020-11-30 12:12:23.249909,0.79100,Ready
2020-11-30 12:27:23.238843,0.79100,Ready
2020-11-30 12:42:23.249793,0.79100,Ready
2020-11-30 12:57:23.257741,0.79100,Ready
2020-11-30 13:12:23.246676,0.79100,Ready
2020-11-30 13:27:23.253623,0.79100,Ready
2020-11-30 13:42:23.263572,0.79200,Ready
2020-11-30 13:57:23.253508,0.79100,Ready
2020-11-30 14:12:23.259454,0.79100,Ready
2020-11-30 14:27:23.274407,0.80700,Ready
2020-11-30 14:42:23.260339,0.79100,Ready
2020-11-30 14:57:23.274291,0.79200,Ready
2020-11-30 15:12:23.260224,0.79100,Ready
2020-11-30 15:27:23.256163,0.79200,Ready
2020-11-30 15:42:23.262110,0.80100,Ready
2020-11-30 15:57:23.267055,0.79100,Ready
2020-11-30 16:12:23.271001,0.79200,Ready
2020-12-08 09:27:23.314224,0.79100,Ready
2020-12-08 09:42:23.183073,0.79100,Ready
2020-12-08 10:27:23.428074,1.00000,Ready
2020-12-08 10:57:23.512018,1.00000,Ready
2020-12-08 11:12:23.573003,1.00000,Ready
2020-12-08 11:27:23.471874,4.00000,Ready
2020-12-08 11:42:23.459808,1.00000,Ready
2020-12-08 12:12:23.375632,2.00000,Ready
2020-12-08 12:27:23.488655,4.00000,Ready
2020-12-08 12:42:23.512615,2.00000,Ready
2020-12-08 12:57:23.464522,1.00000,Ready
2020-12-08 13:12:23.592555,2.00000,Ready
2020-12-08 13:27:23.518446,3.00000,Ready
2020-12-08 13:42:23.499374,4.00000,Ready
2020-12-08 13:57:23.571368,4.00000,Ready
2020-12-08 14:12:23.535284,1.00000,Ready
2020-12-08 14:57:23.513096,4.00000,Ready
2020-12-08 15:15:47.380770,4.00000,Ready
2020-12-08 15:27:23.595038,4.00000,Ready
2020-12-08 15:42:23.487904,4.00000,Ready
2020-12-08 15:57:23.525873,6.00000,Ready
2020-12-08 16:12:23.547831,6.00000,Ready
2020-12-08 16:27:23.356638,0.79300,Ready
2020-12-08 16:42:23.336566,0.79300,Ready
2020-12-08 16:57:23.238439,0.79500,Ready
2020-12-08 17:12:23.216365,0.79200,Ready
2020-12-08 17:27:23.113234,0.79200,Ready
2020-12-08 17:42:22.991090,0.79200,Ready
2020-12-08 17:57:22.998037,0.79200,Ready
2020-12-08 18:12:23.007986,0.79200,Ready
2020-12-08 18:27:22.995920,0.79200,Ready
2020-12-08 18:42:22.991859,0.79200,Ready
2020-12-08 18:57:22.998806,0.79200,Ready
2020-12-08 19:12:23.031772,0.96700,Regen
2020-12-08 19:27:23.073744,2.59100,Regen
2020-12-08 19:42:23.002636,3.16500,Regen
2020-12-08 19:57:23.060620,3.36000,Regen
2020-12-08 20:12:23.028539,3.24500,Regen
2020-12-08 20:27:23.023478,3.51400,Regen
2020-12-08 20:42:23.040432,3.73300,Regen
2020-12-08 20:57:23.094413,3.91900,Regen
2020-12-08 21:12:23.148393,4.06100,Regen
2020-12-08 21:27:23.060273,4.17600,Regen
2020-12-08 21:42:23.251351,4.27500,Regen
2020-12-08 21:57:23.354366,4.37300,Regen
2020-12-08 22:12:23.246232,4.46400,Regen
2020-12-08 22:27:23.234166,4.53900,Regen
2020-12-08 22:42:23.043973,4.61600,Regen
2020-12-08 22:57:23.043915,4.66200,Regen
2020-12-08 23:12:23.041856,4.60300,Regen
2020-12-08 23:27:23.049804,4.59600,Regen
2020-12-08 23:42:23.038739,4.59600,Regen
2020-12-08 23:57:23.122740,4.52000,Regen
2020-12-09 00:12:23.040624,4.38500,Regen
2020-12-09 00:27:23.073590,4.25900,Regen
2020-12-09 00:42:23.066527,4.14400,Regen
2020-12-09 00:57:23.072474,4.04100,Regen
2020-12-09 01:12:23.068413,3.95200,Regen
2020-12-09 01:27:23.120393,3.86200,Regen
2020-12-09 01:42:23.046282,3.78600,Regen
2020-12-09 01:57:23.062236,3.72400,Regen
2020-12-09 02:12:23.056174,3.67400,Regen
2020-12-09 02:27:23.097145,3.63200,Regen
2020-12-09 02:42:23.036044,3.60000,Regen
2020-12-09 02:57:23.073013,3.57600,Regen
2020-12-09 03:12:23.052941,3.55600,Regen
2020-12-09 03:27:23.073898,3.53700,Regen
2020-12-09 03:42:23.078844,3.52100,Regen
2020-12-09 03:57:23.047764,3.51000,Regen
2020-12-09 04:12:23.031694,3.25100,Regen
2020-12-09 04:27:23.087677,2.79500,Regen
2020-12-09 04:42:23.081447,2.32900,Regen
2020-12-09 04:57:23.086391,2.03100,Regen
2020-12-09 05:12:23.085332,1.33100,Regen
2020-12-09 05:27:23.110292,0.81500,Regen
2020-12-09 05:42:23.070206,0.79800,Regen
2020-12-09 05:57:23.103172,0.79500,Regen
2020-12-09 06:12:23.103114,0.79300,Regen
2020-12-09 06:27:23.089047,0.79300,Regen
2020-12-09 06:42:23.063970,0.79200,Regen
2020-12-09 06:57:23.088930,0.79200,Regen
2020-12-09 07:12:23.075864,0.79100,Ready
2020-12-09 07:27:23.071803,0.79100,Ready
2020-12-09 07:42:23.059737,0.80100,Ready
2020-12-09 07:57:23.106713,0.79100,Ready
2020-12-09 08:12:23.096647,0.79100,Ready
2020-12-09 08:27:23.099592,0.79000,Ready
2020-12-09 08:42:23.061507,0.79100,Ready
2020-12-09 08:57:23.051442,0.81800,Ready
2020-12-09 09:12:23.053386,0.79000,Ready
2020-12-09 09:27:23.066337,0.79100,Ready
2020-12-09 09:42:23.054271,0.79000,Ready
2020-12-09 09:57:23.158288,0.79100,Ready
2020-12-09 10:12:23.135214,0.79700,Ready
2020-12-09 10:27:23.080116,0.79100,Ready
2020-12-09 10:42:23.072054,0.79100,Ready
2020-12-09 10:57:23.094011,0.79000,Ready
2020-12-09 11:12:23.071729,0.79100,Ready
2020-12-09 11:27:23.097690,0.79100,Ready
2020-12-09 11:42:23.074616,0.79100,Ready
2020-12-09 11:57:23.062550,0.79100,Ready
2020-12-09 12:12:23.096516,0.79100,Ready
2020-12-09 12:27:23.095458,0.79100,Ready
2020-12-09 12:42:23.085393,0.79000,Ready
2020-12-09 12:57:23.061318,0.79100,Ready
2020-12-09 13:12:23.096285,0.79100,Ready
2020-12-09 13:27:23.089223,0.79100,Ready
2020-12-09 13:42:23.073154,0.79100,Ready
2020-12-09 13:57:23.063089,0.79000,Ready
2020-12-09 14:12:23.139085,0.79100,Ready
2020-12-09 14:27:23.061973,0.82000,Ready
2020-12-09 14:42:23.070921,0.79100,Ready
2020-12-09 14:57:23.080870,0.79100,Ready
2020-12-09 15:12:23.082814,0.79100,Ready
2020-12-09 15:27:23.113779,0.79100,Ready
2020-12-09 15:42:23.068689,0.79100,Ready
2020-12-09 15:57:23.077637,0.79100,Ready
2020-12-09 16:12:23.105600,0.79100,Ready
2020-12-09 16:27:23.073519,0.79100,Ready
2020-12-09 16:42:23.110488,0.79100,Ready
2020-12-09 16:57:23.120437,0.79200,Ready
2020-12-09 17:12:23.083353,0.79100,Ready
2020-12-09 17:27:23.100307,0.81000,Ready
2020-12-09 17:42:23.087240,0.79100,Ready
2020-12-09 17:57:23.073172,0.79100,Ready
2020-12-09 18:12:23.084123,0.79100,Ready
2020-12-09 18:27:23.091070,0.79100,Ready
2020-12-09 18:42:23.102020,0.79100,Ready
2020-12-09 18:57:23.093956,0.79100,Ready
2020-12-09 19:12:23.100904,0.98500,Regen
2020-12-09 19:27:23.125864,2.32400,Regen
2020-12-09 19:42:23.134813,3.14600,Regen
2020-12-09 19:57:23.093725,3.38800,Regen
2020-12-09 20:12:23.096670,3.21500,Regen
2020-12-09 20:27:23.109621,3.47200,Regen
2020-12-09 20:42:23.098556,3.69500,Regen
2020-12-09 20:57:23.143530,3.89500,Regen
